question,answer,topic
What is the first aid for a patient developing a tension pneumothorax?,"Tension pneumothorax is a life-threatening emergency with signs of respiratory distress, tracheal deviation, and shock; call 108 immediately and warn AIIMS emergency surgery at 011-26589142.",basic_first_aid
What is NIMHANS and do they have an emergency line?,NIMHANS in Bangalore is India's premier mental health institute and can be reached at 080-46110007 for psychiatric guidance and referrals across India.,mental_health_emergency
What is the AIIMS infectious disease emergency contact for suspected Ebola or viral haemorrhagic fever?,Suspected viral haemorrhagic fever must be reported to AIIMS casualty at 011-26589142 and the National Centre for Disease Control at 011-23318820 simultaneously for isolation and containment.,calling_emergency
How quickly must a patient with acute liver failure reach AIIMS for a chance of survival?,Acute liver failure progresses rapidly and reaching AIIMS within hours of symptom onset significantly improves outcomes; call 108 immediately and alert casualty at 011-26589142 before arriving.,calling_emergency
How do I treat a blunt eye injury from a cricket ball or similar impact?,"Apply a cold pack gently over a closed eye without pressure, do not rub, and go to AIIMS ophthalmology casualty at 011-26589142 even if vision seems unaffected.",basic_first_aid
What is the HIV post-exposure prophylaxis contact at AIIMS?,HIV post-exposure prophylaxis must be started within seventy-two hours and should be sought through the AIIMS ART centre or casualty at 011-26589142 without delay.,calling_emergency
Can someone be taken to AIIMS psychiatry without their consent in an emergency?,Under Section 100 of the Mental Healthcare Act 2017 a person at imminent risk may be taken for emergency treatment without consent and the AIIMS team will guide the legal process.,mental_health_emergency
What emergency kit should a Delhi school keep for student medical crises?,"A school emergency kit should include a first aid box, EpiPen for known allergic students, a list of emergency contacts including 112 and AIIMS 011-26589142, an AED if available, and a trained first aider.",disaster_evacuation
What counselling does AIIMS offer to parents whose newborn requires prolonged intensive care?,AIIMS neonatal unit social workers provide structured counselling sessions for parents dealing with prolonged NICU admission and can connect them with peer support networks for families of sick newborns.,mental_health_emergency
What is the AIIMS eye emergency number for sudden vision loss?,Sudden vision loss is treated as an emergency at AIIMS and should be reported immediately to the casualty at 011-26589142 where the ophthalmology on-call team will be alerted.,calling_emergency
What is the fire assembly point at AIIMS New Delhi?,The designated fire assembly or muster points are marked by green assembly point signs on the AIIMS campus and staff are trained to guide patients and visitors to the correct point.,disaster_evacuation
What is the AIIMS infection control emergency contact for a suspected outbreak?,Suspected infectious disease outbreaks at AIIMS are reported to the hospital infection control officer through the operator at 011-26588500 and the National Centre for Disease Control at 011-23318820.,disaster_evacuation
How do I help someone having a panic attack?,"Help them to a quiet space, encourage slow breathing in through the nose for four counts and out for four counts, reassure them the attack will pass, and stay with them calmly.",mental_health_emergency
What is the first aid for a suspected ruptured spleen after abdominal trauma?,"Lay the person flat, keep them warm and still, do not give food or water, call 108 and alert AIIMS trauma team at 011-26741471 as splenic rupture can cause rapid life-threatening blood loss.",basic_first_aid
What should I do if someone tells me they want to kill themselves?,"Take it seriously, stay with the person, remove access to means of harm, call iCall at 9152987821 or take the person to AIIMS psychiatry casualty at 011-26589142 immediately.",mental_health_emergency
How should I speak to someone who is expressing suicidal thoughts?,"Listen without judgement, ask directly if they are thinking of suicide, do not minimise their pain, express care, and help them access professional support at iCall 9152987821 or AIIMS psychiatry.",mental_health_emergency
How do I manage a patient with difficulty swallowing after a stroke?,"Do not give any food or liquid by mouth as stroke can impair swallowing and cause choking; keep the person upright, call 108, and inform AIIMS casualty of the swallowing difficulty.",basic_first_aid
How do I report a road accident to Delhi emergency services?,"Call 112 for combined police, ambulance, and fire response, describe the location using nearby landmarks, state the number of casualties, and stay with the injured until help arrives.",disaster_evacuation
What is the first aid for a patient who has been exposed to tear gas?,"Move the person to fresh air, flush eyes and skin with large amounts of water, remove contaminated clothing, and seek care at AIIMS casualty if symptoms are severe or persist.",basic_first_aid
What is the first aid for a patient with massive haematemesis or vomiting blood?,"Lay the person on their side, call 108 immediately, keep them warm, note the approximate volume of blood, do not give food or water, and alert AIIMS gastroenterology casualty.",basic_first_aid
How is AIIMS notified of an incoming patient from a rural district during a disaster?,Referral calls are made through the AIIMS Medical Superintendent at 011-26588700 or the casualty at 011-26589142 and the receiving team prepares resources based on the advance clinical information.,disaster_evacuation
What is the first aid for an eye injury?,"Do not rub the eye, rinse gently with clean water for chemical splashes, cover loosely with a clean pad, do not apply pressure on the eyeball, and go to AIIMS casualty immediately.",basic_first_aid
How does the AIIMS transplant team respond to an organ rejection emergency?,Suspected organ rejection at AIIMS is treated as a medical emergency and the transplant team is alerted immediately through the transplant coordinator at 011-26588500 for urgent immunosuppression review.,calling_emergency
What is a defibrillator and how do I use one?,"A defibrillator or AED delivers an electric shock to restore heart rhythm; switch it on, attach pads to the bare chest as shown in the diagram, follow voice instructions, and do not touch the patient when it shocks.",basic_first_aid
What is the first aid for a patient who has collapsed after intense exercise?,"Move to a cool shaded area, remove excess clothing, cool rapidly with water and fanning, assess consciousness and breathing, call 108 if unresponsive, and go to AIIMS casualty for assessment.",basic_first_aid
What mental health resources are available for AIIMS medical students?,"AIIMS offers student counselling, peer support groups, and has access to iCall external counselling at 9152987821 alongside the AIIMS Student Wellness Programme.",mental_health_emergency
What is the Snehi helpline and when should I use it?,"Snehi is a Delhi-based mental health helpline reachable at 044-24640050 offering support for emotional distress, grief, and depression for callers in North India.",mental_health_emergency
What is the AIIMS allergy and immunology emergency number?,Severe allergic reactions at AIIMS are managed through the casualty at 011-26589142 and the immunology team is alerted for anaphylaxis cases requiring specialist input.,calling_emergency
What is the AIIMS ICU contact for families of critically ill patients?,Families of ICU patients can contact AIIMS through the main operator at 011-26588500 and ask to be connected to the specific ICU nursing station.,calling_emergency
How do I treat a diabetic who has low blood sugar?,"If conscious, give the person sugar in any form such as glucose tablets, a sweet drink, or candy, wait fifteen minutes, and call 108 if they do not improve or become unconscious.",basic_first_aid
What is the AIIMS blood bank emergency contact?,The AIIMS blood bank can be reached at 011-26588663 for urgent blood requirements at any hour of the day.,calling_emergency
What should I do if someone collapses and is unresponsive?,"Shout for help, check for breathing by tilting the head back and looking for chest rise, call 112 immediately, and begin CPR if the person is not breathing normally.",basic_first_aid
What is the India Meteorological Department emergency alert contact?,"The India Meteorological Department can be reached at 011-24631913 and issues public weather warnings; follow Delhi government advisories during cyclone, storm, or flood alerts.",disaster_evacuation
What is KIRAN and how can it help during a mental health crisis?,KIRAN is the national free mental health helpline launched by the Government of India and operates twenty-four hours a day at 1800-599-0019 in multiple regional languages.,mental_health_emergency
How do I treat a suspected appendicitis?,"Do not give food, water, or pain medication, ask the person to lie in a comfortable position, call 108 or go directly to AIIMS casualty as appendicitis requires urgent surgical assessment.",basic_first_aid
What should I do after an earthquake when outside?,"Move away from buildings, power lines, and trees, do not re-enter structures until cleared as safe, call 112 if injured, and monitor official government advisories on the radio.",disaster_evacuation
What should I do if someone is missing after a road accident in Delhi?,"Report to the nearest police station, call 100, contact the Delhi Police missing persons cell at 011-23490360, and check with nearby hospitals including AIIMS casualty at 011-26589142.",calling_emergency
How do hospitals in Delhi coordinate blood supply during a mass casualty event?,AIIMS blood bank at 011-26588663 coordinates with Delhi Blood Bank Authority and voluntary donor networks to mobilise emergency blood supply during mass casualty incidents.,disaster_evacuation
What is the AIIMS campus emergency assembly location?,"AIIMS has designated assembly points outside each building indicated by green signs and security staff are trained to direct all patients, staff, and visitors to the nearest assembly zone during evacuation.",disaster_evacuation
How does the AIIMS burns unit handle a patient with severe burns on arrival?,"Severe burn patients at AIIMS are received at the casualty, assessed for airway involvement, fluid resuscitation is begun immediately, and the burns and plastic surgery team is called for urgent review.",calling_emergency
How do I perform emergency vehicle bypass on a Delhi road?,"Pull to the left side of the road and stop when you hear or see an emergency vehicle approaching from any direction, do not block intersections, and only resume driving when the vehicle has passed.",disaster_evacuation
How do I treat a partial amputation of a finger?,"Control bleeding with direct pressure, keep the partially detached part moist with saline, do not try to remove it, wrap in clean damp gauze, and go to AIIMS casualty immediately.",basic_first_aid
What is the AIIMS rheumatology emergency for joint inflammation?,Acute severe joint inflammation such as septic arthritis requires urgent assessment at AIIMS casualty at 011-26589142 as delayed treatment can cause permanent joint damage.,calling_emergency
How do I apply a bandage correctly to a wound?,"Place a sterile pad over the wound, wrap the bandage firmly but not so tightly as to cut off circulation, tie off above the wound, and check that fingers or toes beyond the bandage remain warm and pink.",basic_first_aid
In which situations should I call the police emergency line 100 rather than 112?,"Call 100 directly for crimes in progress, domestic violence, road accidents needing police documentation, or when you specifically need police presence without requiring ambulance or fire services.",calling_emergency
What first aid should I give someone suspected of having a stroke?,"Call 112 immediately, note the exact time symptoms started, keep the person calm and still, do not give food, water, or medication, and reassure them until help arrives.",basic_first_aid
How do I help a person in crisis who refuses to speak to a professional?,"Do not force engagement, remain present, validate their feelings, offer a small step such as calling a helpline anonymously at KIRAN 1800-599-0019, and stay with them without judgement.",mental_health_emergency
What medication should never be given to someone in a psychiatric crisis without medical advice?,"Never give any sedative, sleeping tablet, alcohol, or unprescribed medication to someone in a psychiatric crisis as this can dangerously interact with their condition or existing medications.",mental_health_emergency
What is the first aid for a rib fracture?,"Support the chest with a pillow or folded cloth, encourage shallow breathing, give pain relief if available and not contraindicated, and take the person to AIIMS casualty for imaging.",basic_first_aid
What is the KIRAN mental health helpline and what makes it unique?,"KIRAN at 1800-599-0019 is a free government mental health helpline available around the clock in thirteen regional languages, making it accessible to callers across all states of India.",mental_health_emergency
How do I control serious bleeding from a wound?,"Apply firm direct pressure using a clean cloth, elevate the injured limb above heart level if possible, maintain pressure for at least ten minutes, and call 112 if bleeding is severe.",basic_first_aid
What number do I call for an emergency blood donation in Delhi?,The AIIMS blood bank at 011-26588663 coordinates emergency blood needs and can direct callers to voluntary donor networks in Delhi.,calling_emergency
What is the best way to store emergency contact numbers for AIIMS?,"Save key numbers including AIIMS main 011-26588500, casualty 011-26589142, trauma 011-26741471, blood bank 011-26588663, and national lines 112 and 108 in your mobile and on a printed card at home.",disaster_evacuation
What is the railway emergency medical helpline number in India?,"138 is the Indian Railways medical emergency helpline and 182 is the railway security helpline for accidents, assaults, and emergencies on trains.",calling_emergency
What should I do if a choking infant cannot cry or breathe?,"Hold the infant face-down on your forearm, give five back blows between the shoulder blades, then five chest thrusts with two fingers on the breastbone, and check the mouth between cycles.",basic_first_aid
How do I treat a puncture wound?,"Do not remove deeply embedded objects, control surrounding bleeding with gentle pressure, cover the wound without pressing on the object, and go to AIIMS casualty for tetanus assessment.",basic_first_aid
What is the AIIMS neonatal emergency number for newborn emergencies?,Neonatal emergencies at AIIMS are handled by the neonatology unit accessible through the hospital operator at 011-26588500 or the main casualty at 011-26589142.,calling_emergency
How should food and water safety be managed after a Delhi flood?,"Boil drinking water, avoid floodwater-contaminated food, use oral rehydration salts for diarrhoeal illness, and go to AIIMS casualty if you develop fever, jaundice, or severe vomiting.",disaster_evacuation
What basic first aid items should be kept at home in India?,"A home first aid kit should include sterile gauze, adhesive bandages, antiseptic solution, paracetamol, ORS sachets, scissors, tweezers, a thermometer, disposable gloves, and emergency contact numbers.",basic_first_aid
What should I do if I see a live electrical wire on a flooded road?,"Do not touch or approach the wire, keep others away, call 112 and BSES Delhi at 19124 for power emergency, and wait for trained electricians to make the area safe.",disaster_evacuation
How do I treat a severe nosebleed?,"Pinch the soft part of the nose firmly, lean forward slightly, breathe through the mouth, maintain pressure for ten to fifteen minutes, and seek medical help if bleeding does not stop.",basic_first_aid
How does the NDMA coordinate emergency response during a major disaster in Delhi?,"NDMA activates state and district disaster management authorities, deploys NDRF teams, and coordinates with hospitals including AIIMS through the emergency operations centre reachable at 1078.",disaster_evacuation
How does AIIMS handle a patient brought in after a suicide attempt?,"The patient is first stabilised medically in the casualty, then assessed by the psychiatric liaison team, and admitted to the psychiatry unit if ongoing risk is identified.",mental_health_emergency
What preparedness training does AIIMS conduct for disaster scenarios?,"AIIMS regularly conducts fire evacuation drills, mass casualty simulation exercises, and CPR training for clinical and non-clinical staff as part of its hospital disaster management plan.",disaster_evacuation
How should I respond to a flood warning in Delhi?,"Move to higher ground, avoid walking through floodwater, do not drive through flooded roads, call 1078 for NDMA guidance, and contact AIIMS if medical help is needed after evacuation.",disaster_evacuation
How do I manage someone having a dissociative identity episode?,"Speak calmly using the person's known name, do not force them to acknowledge other identities, remove hazards, and contact AIIMS psychiatry through 011-26588500 if the episode is prolonged.",mental_health_emergency
How do I treat a broken bone before emergency services arrive?,"Keep the injured area still, support it in the position found, apply ice wrapped in cloth for twenty minutes, do not try to straighten it, and call 108 for transport.",basic_first_aid
What is the mental health support available for HIV-positive patients at AIIMS?,AIIMS ART centre provides integrated psychological counselling for HIV-positive patients and can be reached through the hospital operator at 011-26588500 or via the infectious diseases department.,mental_health_emergency
What should I do if I am injured in an earthquake inside AIIMS?,"Stay still until shaking stops, call for help from nearby staff, use the internal emergency line 011-26589142, and wait for rescue if trapped rather than trying to move through unstable rubble.",disaster_evacuation
What is the golden hour in trauma care and why does it matter?,The golden hour refers to the first sixty minutes after major trauma when rapid treatment significantly improves survival; getting a trauma patient to AIIMS JPNATC quickly is critical.,basic_first_aid
What is the recovery position and when should I use it?,"Roll an unconscious but breathing person onto their side with the top knee forward for support and tilt the head back to keep the airway open, preventing choking on vomit.",basic_first_aid
How do I treat a jellyfish sting in a freshwater body in India?,"Rinse the area with seawater or saline, do not rub, remove tentacles carefully with tweezers or a card, apply hot water if available, and seek medical advice for severe reactions.",basic_first_aid
How do I treat a snake bite before reaching hospital?,"Keep the person still and calm, immobilise the bitten limb below heart level, remove tight clothing and jewellery near the bite, do not cut or suck the wound, and call 108 immediately.",basic_first_aid
What are the signs of a bipolar manic episode requiring emergency care?,"Emergency care is needed when mania leads to dangerous behaviour, reckless spending, aggression, refusal to sleep for several days, or grandiose plans that put the person at risk.",mental_health_emergency
How do I safely manage a person having a psychotic episode?,"Stay calm, speak slowly and clearly, do not argue with their beliefs, remove dangerous objects from the environment, and call 112 or take them to AIIMS psychiatry via casualty.",mental_health_emergency
How do I treat a suspected spinal injury?,"Do not move the person unless there is immediate danger, support the head and neck in the position found, call 112 immediately, and keep them calm until trained help arrives.",basic_first_aid
What first aid should be given after a deliberate self-harm episode involving cutting?,"Apply firm pressure with a clean cloth to control bleeding, call 108 if wounds are deep, take the person to AIIMS casualty at 011-26589142, and remain calm and non-judgemental throughout.",mental_health_emergency
What is the Snehi helpline number and what kind of support does it provide?,"Snehi is reachable at 044-24640050 and provides emotional support through trained volunteers for individuals experiencing loneliness, grief, depression, and suicidal thoughts.",mental_health_emergency
What is the first aid for a scorpion sting?,"Keep the person calm and still, immobilise the stung limb, apply a cold pack, do not cut or suck the wound, and go to AIIMS casualty at 011-26589142 immediately for antivenom assessment.",basic_first_aid
What should I do if someone is severely intoxicated and behaving dangerously?,"Call 112 for police and medical assistance, do not leave the person alone, keep them away from roads and heights, and bring them to AIIMS casualty if they lose consciousness.",mental_health_emergency
What should I do if a patient at AIIMS is missing or not found in their ward?,"Report immediately to the ward nursing station, AIIMS security at 011-26588500, and file a missing person report with Delhi Police at 100 if the patient cannot be located on campus.",calling_emergency
What should I do if a patient is on a ventilator during a fire evacuation?,The clinical team will manage ventilated patients using manual bag-valve-mask ventilation during evacuation and will not disconnect life support without a clinical plan in place.,disaster_evacuation
What is the de-addiction helpline in India?,The national de-addiction helpline is 14446 and is operated by the Ministry of Social Justice for guidance on alcohol and drug abuse crises and treatment referrals.,mental_health_emergency
What is Delhi's BSES emergency number for power-related hazards?,"BSES Yamuna operates at 19122 and BSES Rajdhani at 19124 for electrical hazards, power outages, and live wire emergencies in Delhi.",disaster_evacuation
How do I treat an unconscious pregnant woman before an ambulance arrives?,"Place her on her left side to prevent the uterus compressing the major blood vessels, open the airway, call 108 and AIIMS maternity casualty, and begin CPR if she is not breathing.",basic_first_aid
What is a crisis safety plan and how is one made?,"A crisis safety plan is a written personal guide listing warning signs, coping strategies, trusted contacts, and emergency numbers; AIIMS psychiatry counsellors can help patients create one.",mental_health_emergency
What should I do if I discover a fire in a hospital oxygen store room?,"Evacuate immediately, do not try to extinguish it as oxygen dramatically accelerates fire, call 101 and AIIMS security at 011-26588500, and alert clinical staff to prepare patients for relocation.",disaster_evacuation
What should I do if a patient with known schizophrenia suddenly stops their medication?,"Contact their treating psychiatrist at AIIMS immediately, monitor for signs of relapse, call KIRAN at 1800-599-0019 for guidance, and bring them to AIIMS psychiatry casualty if they become a danger to themselves.",mental_health_emergency
What is the correct rate for chest compressions during CPR?,"Chest compressions should be given at a rate of one hundred to one hundred and twenty per minute, roughly in time with the song Stayin Alive by the Bee Gees.",basic_first_aid
What does RACE stand for in hospital fire safety?,"RACE stands for Rescue anyone in immediate danger, Activate the fire alarm, Contain the fire by closing doors, and Extinguish only if the fire is small and you are trained to do so.",disaster_evacuation
What is the mental health support available at AIIMS for cancer patients?,AIIMS has a psycho-oncology service within the oncology department that provides counselling and psychiatric support to cancer patients and their families during treatment.,mental_health_emergency
How do I recognise and respond to a diabetic ketoacidosis emergency?,"Signs include fruity breath, deep rapid breathing, severe abdominal pain, and confusion; call 108 immediately as DKA requires urgent intravenous fluids and insulin at AIIMS casualty.",basic_first_aid
What is the AIIMS spinal injury emergency contact?,Spinal injuries must not be moved without support and should be brought to the JPNATC Trauma Centre at 011-26741471 which has a dedicated spinal injury unit.,calling_emergency
How do I shut off oxygen supply during a hospital fire?,Only trained staff should shut off oxygen valves which are located in fire zone panels; shutting oxygen is a clinical decision coordinated with medical staff to protect patients on oxygen.,disaster_evacuation
What is the first aid for a suspected drug overdose?,"Call 112, place the person in the recovery position if unconscious and breathing, do not give stimulants or try to make them vomit, and bring all medications found to AIIMS casualty.",basic_first_aid
What should I do if a colleague at AIIMS shows signs of burnout or breakdown?,"Speak to them privately, encourage them to contact the AIIMS employee health unit or call iCall at 9152987821, and escalate to the department head if immediate safety is a concern.",mental_health_emergency
What is the Delhi COVID or respiratory disease emergency helpline?,The Delhi health department helpline is 011-22307145 and the national health helpline is 104 for respiratory illness guidance and referral.,calling_emergency
Is there anonymous psychiatric counselling available in Delhi?,"KIRAN at 1800-599-0019 and iCall at 9152987821 provide confidential support without requiring the caller to give their name, making them accessible for those seeking anonymous help.",mental_health_emergency
How are dialysis patients evacuated safely during a hospital emergency at AIIMS?,Dialysis patients require planned disconnection by trained renal nurses before evacuation and the dialysis unit has an emergency protocol for safe line disconnection during urgent evacuations.,disaster_evacuation
What is the senior citizen helpline number in India?,"14567 is the Elderline national helpline for senior citizens in India providing support for abuse, health emergencies, and social welfare queries.",calling_emergency
How do I assist a person with a visual or hearing impairment during an emergency evacuation?,"Speak clearly and calmly, identify yourself, take the person's arm to guide them, describe each step, and stay with them until they reach the safe assembly area.",basic_first_aid
How do I recognise alcohol withdrawal as a medical emergency?,"Signs include tremors, sweating, confusion, hallucinations, and seizures in a person who has recently stopped heavy drinking; this is life-threatening and requires emergency care at AIIMS casualty.",mental_health_emergency
Is there a helpline for reporting medical negligence at AIIMS?,Concerns about patient care at AIIMS can be reported to the Medical Superintendent's office at 011-26588700 or through the hospital's patient grievance system.,calling_emergency
What should I do if I encounter a road accident victim with fuel leaking from the vehicle?,"Do not use phones or lighters near the vehicle, switch off the engine if safe to do so from a distance, call 101 and 112, keep the victim still, and move people upwind of the fuel spill.",disaster_evacuation
What is the mental health support available for families of ICU patients at AIIMS?,AIIMS psychiatric social workers and counsellors provide support to distressed families of critically ill patients and can be contacted through the ICU nursing station or operator.,mental_health_emergency
Where are the AEDs located at AIIMS New Delhi campus?,"AEDs are located in the AIIMS casualty, trauma centre, OPD buildings, and major corridors; security staff and nursing stations can direct you to the nearest unit quickly.",basic_first_aid
What are the signs of anaphylaxis?,"Anaphylaxis signs include sudden throat swelling, difficulty breathing, rash, rapid heartbeat, dizziness, and collapse; it is life-threatening and requires immediate injection of adrenaline and calling 112.",basic_first_aid
How do I use a fire extinguisher safely?,"Use the PASS technique: Pull the pin, Aim at the base of the fire, Squeeze the handle, and Sweep side to side; only use an extinguisher on a small contained fire and never block your exit route.",disaster_evacuation
What is the first aid for a penetrating chest wound?,"Seal the wound with a gloved hand or clean folded cloth, do not remove any embedded object, keep the person sitting upright or slightly tilted to the injured side, call 108 immediately.",basic_first_aid
How do I treat a blister caused by a burn?,"Do not burst the blister as it protects against infection, cover loosely with a clean non-fluffy dressing, go to AIIMS casualty if it is larger than a coin or appears infected.",basic_first_aid
How do I treat a minor burn at home?,"Cool the burn under cool running water for at least twenty minutes, do not apply ice, butter, or toothpaste, cover loosely with cling film, and seek help if the burn is larger than the palm.",basic_first_aid
What is the first aid for a chemical splash into the eye?,"Immediately flush the eye with large amounts of clean water for at least twenty minutes, remove contact lenses if possible, and go to AIIMS eye casualty at 011-26589142 without delay.",basic_first_aid
What should I do if a patient escapes the hospital premises in a confused state?,"Alert AIIMS security immediately through 011-26588500, call 100 for police assistance, provide a description of the patient, and notify the treating clinical team urgently.",disaster_evacuation
How does AIIMS manage mass casualty incidents?,"AIIMS activates its Mass Casualty Incident protocol which establishes a triage zone at the entrance, deploys all available clinical staff, and coordinates with Delhi government for additional resources.",disaster_evacuation
What precautions should I take before bringing a patient with possible influenza to AIIMS?,Call AIIMS casualty at 011-26589142 before arrival to alert them of respiratory illness symptoms so isolation measures can be prepared at the entrance to protect other patients.,calling_emergency
How do I treat a suspected head injury?,"Keep the person still and awake if possible, do not remove any helmet if worn, apply gentle pressure for bleeding, call 108 if they lose consciousness, vomit, or have a seizure.",basic_first_aid
Is 112 available without a SIM card in India?,"Yes, 112 can be dialled from any mobile phone even without a SIM card, active network subscription, or call credit in India.",calling_emergency
What should I do if there is a gas leak in the hospital or home?,"Do not turn any switches on or off, extinguish flames, open windows, evacuate the building immediately, call 101 from outside the building, and do not re-enter until cleared.",disaster_evacuation
What is the correct way to transport an injured person to AIIMS?,"Use an ambulance by calling 108 whenever possible; if self-transporting, keep the person as still as possible, support the head and neck for suspected spine injuries, and alert AIIMS casualty in advance at 011-26589142.",basic_first_aid
How are transgender individuals in mental health distress supported at AIIMS?,AIIMS provides gender-sensitive care through its psychiatry department and the AIIMS Centre of Excellence for Transgender has trained counsellors accessible through the operator at 011-26588500.,mental_health_emergency
What should I do if someone inhales smoke or fumes?,"Move the person to fresh air immediately, loosen tight clothing, call 108, and begin CPR if they are not breathing; do not re-enter a smoke-filled area yourself.",basic_first_aid
What should I do if 108 ambulance takes too long in a critical situation?,"If the 108 ambulance is delayed in a critical situation, bring the patient to the nearest hospital by any available transport and call ahead to alert the casualty team.",calling_emergency
What should I do if a fire breaks out in the AIIMS hospital building?,"Activate the nearest fire alarm, call 101 for fire services and 011-26588500 for AIIMS security, evacuate immediately using stairways not lifts, and move to the designated muster point.",disaster_evacuation
How is post-traumatic stress disorder different from an acute stress reaction?,An acute stress reaction occurs within days of trauma and resolves within weeks while PTSD persists for months or years and requires structured treatment at services like AIIMS psychiatry.,mental_health_emergency
What is the AIIMS operator number for reaching any department urgently?,"The AIIMS central operator can be reached at 011-26588500 and can connect callers to any department including emergency, ICU, and blood bank.",calling_emergency
What is the AIIMS disaster triage colour code system?,"AIIMS uses international triage colour codes: red for immediate life-threatening, yellow for urgent but can wait, green for minor injuries, and black for deceased or unsurvivable injuries.",disaster_evacuation
What should I do if a family member refuses psychiatric help during a crisis?,"Call iCall 9152987821 for guidance, contact AIIMS psychiatry through 011-26588500, or if there is immediate danger call 112 for police-assisted mental health intervention.",mental_health_emergency
What is the AIIMS ophthalmology emergency contact for eye injuries?,Eye emergencies at AIIMS should be reported to the casualty ward at 011-26589142 and the ophthalmology department can be reached through the operator at 011-26588500.,calling_emergency
What are warning signs of a severe head injury?,"Warning signs include loss of consciousness, repeated vomiting, seizure, confusion, severe headache, unequal pupils, or clear fluid from the nose or ears; call 112 immediately.",basic_first_aid
What are the first steps to take in any medical emergency?,"Check for danger to yourself first, then check if the person is responsive, call 112 or 108 immediately, and begin basic first aid while waiting for help to arrive.",basic_first_aid
What is the first step in managing a suspected brain bleed at AIIMS?,A patient with suspected intracranial bleeding is taken to AIIMS casualty where a CT scan is arranged immediately and the neurosurgery on-call team is alerted for urgent review at 011-26741471.,calling_emergency
What decontamination facilities does AIIMS have for chemical or biological emergencies?,AIIMS has decontamination protocols for hazardous exposures with dedicated shower and treatment areas at the casualty entrance coordinated by infection control and emergency medicine teams.,disaster_evacuation
What support is available for mental health emergencies at AIIMS New Delhi?,"AIIMS has an inpatient and outpatient psychiatry unit, a twenty-four-hour casualty that handles psychiatric emergencies, and a de-addiction centre for substance-related crises.",mental_health_emergency
What should I do if a child has ingested a medication overdose?,"Call AIIMS Poison Centre 011-26589391 immediately, note the medication name, dose, and time ingested, do not induce vomiting, and go to AIIMS casualty without delay.",basic_first_aid
What should I do if I suspect a stroke while near AIIMS?,"Call 108 or 112 immediately, note the time symptoms started, and if near AIIMS go directly to the casualty at Gate 4 off Ansari Nagar for urgent neurological assessment.",calling_emergency
What should AIIMS staff do to prepare their ward for a cyclone warning?,"Secure loose equipment and furniture, fill water reserves, check emergency lighting, brief patients on evacuation routes, and monitor Delhi government updates for wind and flooding advisories.",disaster_evacuation
What is the first aid for a patient who has swallowed bleach or caustic soda?,"Do not induce vomiting as this causes a second burn on the way up, give small sips of water or milk only if the person is fully conscious, call AIIMS Poison Centre 011-26589391 and 108 immediately.",basic_first_aid
What is the National Poison Control Programme helpline in India?,The AIIMS Poison Information Centre at 011-26589391 is the primary resource and coordinates with the national poison control network for advice on toxic exposures across India.,disaster_evacuation
How do I treat a puncture wound to the foot from a nail or sharp object?,"Do not remove the object if deeply embedded, control bleeding, clean the surrounding skin, cover loosely, and go to AIIMS casualty for wound assessment and tetanus prophylaxis.",basic_first_aid
Can I send an SMS to emergency services in India if I cannot speak?,"You can send an SMS to 112 in India if you are unable to speak, and the message should include your location and a brief description of the emergency.",calling_emergency
What is the Fortis Stress Helpline number and how can it help?,"The Fortis Stress Helpline operates at 8376804102 and provides immediate telephone-based psychological support for stress, anxiety, and crisis situations.",mental_health_emergency
What is the Delhi civil defence emergency contact?,"Delhi Civil Defence can be reached through the Delhi government emergency number 011-23739300 for large-scale civil emergencies including war, floods, and industrial disasters.",disaster_evacuation
What are the signs of a stroke?,"Use the FAST test: Face drooping on one side, Arm weakness when raised, Speech slurred or confused, Time to call 112 immediately; do not give food or water.",basic_first_aid
What is the AIIMS psychiatry emergency contact?,Psychiatric emergencies at AIIMS are managed through the Department of Psychiatry reachable via the main casualty at 011-26589142 or the operator at 011-26588500.,mental_health_emergency
What first aid should I give someone having a heart attack?,"Call 112 immediately, ask the person to sit or lie in a comfortable position, loosen tight clothing, give one 325mg aspirin if available and the person is not allergic, and stay with them.",basic_first_aid
What is the AIIMS dermatology emergency number for severe skin reactions?,Severe skin reactions such as Stevens-Johnson syndrome should be taken directly to the AIIMS casualty at 011-26589142 for emergency triage.,calling_emergency
What is a mental health first aid approach?,"Mental health first aid involves listening without judgement, assessing risk, providing reassurance, encouraging professional help, and following up after the immediate crisis.",mental_health_emergency
What is the coast guard emergency number applicable in India?,"156 is the Indian Coast Guard emergency number for maritime distress, though for inland medical emergencies in Delhi the relevant numbers remain 112 and 108.",calling_emergency
What is the road transport emergency helpline in Delhi?,"1073 is the national highway accident relief helpline and 112 covers all road emergencies in Delhi for police, ambulance, and fire response.",calling_emergency
What is the AIIMS haematology blood cancer emergency?,Blood cancer emergencies including febrile neutropenia should be brought to AIIMS casualty at 011-26589142 immediately as infection in immunocompromised patients can be life-threatening.,calling_emergency
What is the Delhi Police helpline for emergencies?,"100 is the Delhi Police emergency helpline and calls are free and available around the clock for any crime, accident, or security emergency in Delhi.",disaster_evacuation
What should I do if there is an active shooter or security threat at AIIMS?,"Activate the run-hide-fight protocol: escape the area if safe, hide and silence your phone if you cannot escape, call 100 when safe, and only confront as a last resort to protect life.",disaster_evacuation
What is the first aid for a suspected ectopic pregnancy?,"Severe one-sided pelvic pain in a woman of reproductive age may indicate ectopic pregnancy; call 108 immediately, lay her flat, do not give food or water, and alert AIIMS obstetric casualty.",basic_first_aid
How do I support a survivor of sexual assault in the immediate hours after an incident?,"Ensure physical safety, do not pressure them to speak, call 181 or 112, take them to the AIIMS casualty at 011-26589142 for immediate forensic medical and psychiatric care.",mental_health_emergency
What is the first aid for a patient having a hypertensive crisis with severe headache?,"Have the person sit or lie quietly, do not give antihypertensive medication without medical advice, call 108, and go directly to AIIMS casualty at 011-26589142 for urgent blood pressure management.",basic_first_aid
How do I treat a patient in respiratory distress while waiting for an ambulance?,"Sit them upright, loosen tight clothing around the neck and chest, keep the area well ventilated, encourage slow calm breaths, and do not leave them alone until paramedics arrive.",basic_first_aid
What is the AIIMS contact for managing a patient with acute meningitis?,Acute meningitis is a neurological emergency and patients should be taken to AIIMS casualty at 011-26589142 without delay as antibiotics must be started as early as possible.,calling_emergency
How do I treat a patient with severe diarrhoea and signs of dehydration?,"Give oral rehydration solution in small sips every few minutes, keep the person cool, call 108 if they become confused or unable to drink, and go to AIIMS casualty for IV fluids if needed.",basic_first_aid
What is the AIIMS vascular surgery emergency for limb-threatening ischaemia?,Acute limb ischaemia is a time-critical vascular emergency and patients should be taken to AIIMS casualty at 011-26589142 where vascular surgery will be alerted for urgent assessment.,calling_emergency
What is the role of SDMA in disaster response in Delhi?,The State Disaster Management Authority coordinates emergency preparedness and response for Delhi and works with the NDMA and hospitals including AIIMS during large-scale disasters.,disaster_evacuation
What is the AIIMS dermatology contact for toxic epidermal necrolysis?,Toxic epidermal necrolysis is a life-threatening skin condition that requires immediate admission and should be taken directly to AIIMS casualty at 011-26589142 for emergency dermatology review.,calling_emergency
What is a hospital disaster management plan?,"A hospital disaster management plan is a formal document that defines roles, communication chains, evacuation routes, and resource allocation for all types of emergency at the hospital.",disaster_evacuation
What is the first aid for heat stroke?,"Move the person to a cool shaded area, remove excess clothing, apply cool wet cloths to the neck and armpits, fan them, give small sips of water if conscious, and call 108 immediately.",basic_first_aid
How do I treat a wasp nest emergency if someone is stung multiple times?,"Move away from the area immediately, remove stingers by scraping, apply cold packs, call 108 for multiple stings as the venom load can cause anaphylaxis or organ failure.",basic_first_aid
How do I perform CPR on an infant under one year old?,"Use two fingers on the breastbone just below the nipple line, compress to one-third chest depth, give thirty compressions then two very small puffs of air, and repeat continuously.",basic_first_aid
How do I prevent heat stroke during a Delhi summer emergency?,"Stay hydrated with ORS or water, avoid direct sun between eleven AM and four PM, wear light clothing, use shade and fans, and go to AIIMS casualty if body temperature exceeds 104Â°F.",disaster_evacuation
What is the correct position for a patient in shock?,"Lay the person flat on their back, elevate the legs about thirty centimetres unless there is a head, chest, or spinal injury, keep them warm and calm, and call 108 immediately.",basic_first_aid
What should I do if a diabetic person is unconscious from low blood sugar?,"Do not give anything by mouth, call 108 immediately, place in the recovery position, and inform paramedics of the diabetic history so they can administer intravenous glucose.",basic_first_aid
What should I do if someone is stung by a bee or wasp?,"Remove the stinger by scraping sideways, wash the area, apply a cold pack, and call 112 immediately if the person shows signs of anaphylaxis such as difficulty breathing or swelling of the throat.",basic_first_aid
What should I do if there is an ammonia or chemical leak near a hospital?,"Evacuate upwind and uphill from the source, call 101 for fire services and 100 for hazmat police response, cover nose and mouth, and take anyone exposed to AIIMS casualty at 011-26589142.",disaster_evacuation
How should I evacuate a hospital ward safely during a fire?,"Alert all staff, close fire doors, evacuate ambulatory patients first to the assembly area, then use evacuation chairs or sheets for non-ambulatory patients, and report all patients accounted for to the assembly warden.",disaster_evacuation
What is a hospital incident command system?,"A hospital incident command system is a structured management framework activated during major emergencies to coordinate medical, nursing, logistics, and communications under one command structure.",disaster_evacuation
How do I manage a patient experiencing a flashback from past trauma during a medical examination?,"Pause the examination, speak calmly and orient the person to the present room, allow them to sit up if needed, and consider requesting psychiatric support through the AIIMS liaison team.",mental_health_emergency
How does the Delhi government coordinate healthcare during a declared state of emergency?,"The Delhi government activates the State Emergency Operations Centre, issues directives to AIIMS and all government hospitals, and deploys NDRF and police for coordinated emergency healthcare response.",disaster_evacuation
What is KIRAN and in how many languages does it operate?,KIRAN at 1800-599-0019 is the government mental health helpline operating in thirteen languages to ensure support reaches patients across India regardless of their native language.,mental_health_emergency
What is the AIIMS casualty ward number?,The AIIMS casualty ward can be contacted at 011-26589142 for guidance on emergency patient admission and triage.,calling_emergency
How should I handle a patient with suspected internal bleeding?,"Lay the person flat with legs raised unless a head or chest injury is suspected, keep them warm and calm, do not give food or water, and call 108 immediately.",basic_first_aid
What should I do if I smell gas inside the AIIMS campus?,"Alert security at 011-26588500, do not use electrical switches or phones inside, evacuate the area immediately, and call 101 from a safe distance for the gas emergency unit.",disaster_evacuation
What is the AIIMS radiology emergency contact for urgent CT or MRI?,Urgent imaging at AIIMS is arranged through the casualty team at 011-26589142 and the radiology department provides twenty-four-hour emergency scan support for critical cases.,calling_emergency
How do I treat a foreign object in the nose or ear?,Do not attempt to remove it with fingers or tools as this may push it deeper; take the person to AIIMS casualty where it can be safely extracted.,basic_first_aid
What is the first aid for a suspected pelvic fracture?,"Do not move the person unnecessarily, keep them flat, do not put pressure on the pelvis, apply gentle padding around the hips if available, call 108, and warn AIIMS trauma centre at 011-26741471.",basic_first_aid
How do I perform the Heimlich manoeuvre?,"Stand behind the person, make a fist above the navel, cover with your other hand, and give firm inward and upward thrusts until the blockage is cleared or the person becomes unconscious.",basic_first_aid
How do I recognise a manic episode that needs urgent attention?,"Urgent signs in mania include going without sleep for days, spending large amounts of money impulsively, making dangerous decisions, extreme irritability, and behaviour that is dangerous to self or others.",mental_health_emergency
How do I treat heat exhaustion?,"Move the person to a cool place, lay them down with legs raised, give cool water to sip, apply cool damp cloths to the skin, and seek medical help if symptoms worsen or they lose consciousness.",basic_first_aid
What is the protocol for receiving a chemical terrorism victim at AIIMS?,"Chemical terrorism victims are decontaminated outside the building before entering, clinical staff use full personal protective equipment, and AIIMS coordinates with the National Disaster Response Force and NDMA.",disaster_evacuation
How do I handle an eating disorder emergency at home?,"Call 108 if the person collapses, has irregular heartbeat, or is severely weak; otherwise contact AIIMS psychiatry through 011-26588500 to arrange urgent assessment.",mental_health_emergency
How does AIIMS support the psychological wellbeing of patients undergoing chemotherapy?,"AIIMS psycho-oncology counsellors provide regular psychological support during chemotherapy to help patients manage treatment-related anxiety, depression, and changes in body image.",mental_health_emergency
What are the warning signs that someone may be about to attempt suicide?,"Warning signs include talking about wanting to die, giving away possessions, withdrawing from people, expressing hopelessness, sudden calmness after depression, or stockpiling medications.",mental_health_emergency
What is the AIIMS helpline for health workers experiencing moral injury after patient loss?,AIIMS employees facing moral injury can access internal counselling through the employee wellness programme or contact iCall at 9152987821 for external confidential professional support.,mental_health_emergency
What is the disaster management helpline in India?,"1078 is the National Disaster Management Authority helpline for flood, earthquake, cyclone, and other large-scale disaster situations.",calling_emergency
How does AIIMS manage patients with substance withdrawal in the emergency department?,"Patients presenting with substance withdrawal at AIIMS casualty are assessed medically, given appropriate pharmacological management, and referred to the de-addiction centre for follow-up care.",mental_health_emergency
How do I support a child who has witnessed a traumatic event?,"Stay close and calm, allow the child to express feelings without pressure, maintain routines, and seek child psychiatric assessment at AIIMS through the paediatric department if the child shows persistent distress.",mental_health_emergency
What should visitors do if asked to evacuate AIIMS during an emergency drill?,"Follow staff instructions calmly, leave via the nearest stairwell, proceed to the assembly point outside, do not use lifts, and do not re-enter the building until an all-clear is announced.",disaster_evacuation
What is the Delhi earthquake risk level and what precautions should hospitals take?,"Delhi falls in seismic zone four which indicates high risk, and AIIMS follows national hospital earthquake preparedness guidelines including structural assessment and regular drill training.",disaster_evacuation
What is the first aid for a dog or animal bite?,"Wash the wound thoroughly with soap and running water for at least fifteen minutes, apply an antiseptic if available, cover with a clean bandage, and go to AIIMS casualty for anti-rabies vaccination.",basic_first_aid
When does a panic attack require emergency medical attention?,"Call 108 if the person has chest pain, cannot breathe, loses consciousness, or if this is their first episode as these symptoms can also indicate a cardiac event needing urgent assessment.",mental_health_emergency
What should I do if a patient on the AIIMS ward attempts self-harm?,"Alert the nursing team immediately, apply pressure to any bleeding wound, call the psychiatric liaison at 011-26588500, and ensure the environment is cleared of all sharp objects.",mental_health_emergency
What is the first aid for a suspected ovarian cyst rupture?,"Lay the woman on her side in a comfortable position, call 108, do not give food or water, and go to AIIMS obstetric and gynaecology casualty immediately as this can cause internal bleeding.",basic_first_aid
What is the AIIMS gastroenterology emergency for severe GI bleeding?,Severe gastrointestinal bleeding is a life-threatening emergency and patients should go directly to AIIMS casualty at 011-26589142 or call 108 for ambulance.,calling_emergency
What is the first aid for a deep puncture wound to the abdomen?,"Do not remove any penetrating object, cover with clean damp cloth without pressing on the object, lay the person flat with knees bent if possible, call 108 immediately.",basic_first_aid
How do I manage a patient who has inhaled a toxic gas at home?,"Move them to fresh air immediately, call 108 and AIIMS Poison Centre at 011-26589391, do not re-enter the area, monitor breathing, and begin CPR if they stop breathing.",basic_first_aid
What should patients and visitors do when they hear the AIIMS fire alarm?,"Leave the building immediately using the nearest stairway, do not use lifts, proceed to the designated assembly point, do not collect personal belongings, and assist others who need help.",disaster_evacuation
What should I do if someone is experiencing a severe dissociative episode?,"Speak gently using their name, anchor them to the present by describing familiar surroundings, avoid sudden movements, and take them to AIIMS psychiatry casualty if the episode is prolonged.",mental_health_emergency
What is the AIIMS protocol for a radiation or nuclear emergency?,"AIIMS follows NDMA nuclear emergency guidelines including decontamination of affected patients outside the building, and the NDMA helpline 1078 coordinates with national nuclear response teams.",disaster_evacuation
What is the AIIMS fire safety officer contact?,The AIIMS fire safety officer can be reached through the hospital engineering and maintenance department via the main operator at 011-26588500 for fire safety queries and inspections.,disaster_evacuation
What should I do if I am experiencing a mental health crisis myself?,"Call iCall at 9152987821, KIRAN at 1800-599-0019, or go to the AIIMS psychiatry outpatient or casualty at 011-26588500 and tell the staff you need urgent mental health support.",mental_health_emergency
What is the national suicide prevention helpline number in India?,iCall operates at 9152987821 and Vandrevala Foundation operates 24 hours at 1860-2662-345 for mental health and suicide crisis support.,calling_emergency
How should I respond if someone sends me a threatening goodbye message?,"Call 112 immediately, try to keep the person communicating, share their location if known, and alert their nearest family member while staying on the line with the emergency operator.",mental_health_emergency
How does AIIMS approach grief counselling for bereaved families?,AIIMS psychiatric social workers provide immediate grief support to bereaved families and can connect them to ongoing counselling services and community support organisations.,mental_health_emergency
What is the role of NDRF in disaster response in India?,The National Disaster Response Force is a specialised government force deployed for large-scale disasters and can be activated through the NDMA helpline 1078 or state government.,disaster_evacuation
What should I do for an acid or chemical burn to the skin?,"Flush the area with large amounts of cool running water for at least twenty minutes, remove contaminated clothing while flushing, cover loosely, and go to AIIMS casualty immediately.",basic_first_aid
What should I do if there is a power failure in the AIIMS building?,"Remain calm, do not use lifts, follow emergency lighting to exits, and contact AIIMS security through 011-26588500 as the hospital has backup generators for critical equipment.",disaster_evacuation
How do I treat a neonatal emergency if a baby stops breathing?,"Begin infant CPR immediately using two fingers on the breastbone, call 108, keep the baby warm, and head to AIIMS neonatology through the casualty at 011-26589142 without delay.",basic_first_aid
What should I do in an earthquake while inside a building?,"Drop to the ground, take cover under a sturdy table or against an interior wall, hold on until the shaking stops, and evacuate calmly using stairways once the shaking ceases.",disaster_evacuation
What is the mental health impact of a road traffic accident and how is it addressed at AIIMS?,Road accident survivors may experience acute stress or PTSD and the AIIMS psychiatric liaison team is available through casualty to provide early psychological first aid after trauma.,mental_health_emergency
How should a crowd be managed around a medical emergency at a public event in Delhi?,"Shout for trained first aiders or security, direct bystanders to make space, call 108 for ambulance, assign one person to guide paramedics in, and keep the victim calm and still until help arrives.",disaster_evacuation
What is the first aid for drowning?,"Remove the person from water safely, check breathing, begin CPR if they are not breathing, call 112, and keep them warm as drowning victims are at high risk of hypothermia.",basic_first_aid
What should I do during a thunderstorm while outside in Delhi?,"Seek shelter in a solid building immediately, avoid open fields, tall trees, and water bodies, stay away from metal objects, and call 108 if someone is struck by lightning.",disaster_evacuation
What is the AIIMS dental emergency number?,Dental emergencies at AIIMS can be directed to the Centre for Dental Education and Research through the hospital operator at 011-26588500.,calling_emergency
How do I treat a choking adult?,"Give five back blows between the shoulder blades with the heel of your hand, then five abdominal thrusts just above the navel, and repeat alternating cycles until the object dislodges or help arrives.",basic_first_aid
How do I recognise and treat decompression sickness after diving?,"Symptoms include joint pain, skin rash, dizziness, and breathlessness; call 108, keep the person lying flat, give supplemental oxygen if available, and get to the nearest hyperbaric facility.",basic_first_aid
How do AIIMS intensive care patients receive oxygen during a power outage?,"AIIMS has uninterruptible power supply and diesel generators that activate within seconds of a power failure to maintain oxygen, ventilators, and all critical life support equipment.",disaster_evacuation
What is the fire action notice and where should it be posted in a hospital?,"A fire action notice gives instructions on what to do if fire is discovered, how to raise the alarm, and evacuation route details; it must be posted at every fire alarm point in the building.",disaster_evacuation
How do I safely extinguish a small kitchen fire before it spreads?,"Use a fire blanket or a damp cloth to smother it, never use water on oil fires, turn off the heat source, and call 101 if the fire grows beyond your control.",disaster_evacuation
How do I manage a patient with severe back pain after a fall?,"Assume a spinal injury until proven otherwise, do not bend or twist the person, maintain spinal alignment, call 108, and inform AIIMS trauma team at 011-26741471 of the mechanism of injury.",basic_first_aid
What is the Vandrevala Foundation helpline and what services does it provide?,"The Vandrevala Foundation helpline at 1860-2662-345 operates round the clock and provides free confidential support for depression, anxiety, trauma, and suicidal crises.",mental_health_emergency
How do I recognise a psychotic episode?,"Signs include hearing or seeing things that others do not, speaking incoherently, expressing bizarre beliefs, extreme agitation, or complete withdrawal from reality.",mental_health_emergency
What is the first aid for a severe scalp laceration with heavy bleeding?,"Apply firm pressure with a clean folded cloth, do not remove the cloth if it soaks through, add more on top, call 108, and go to AIIMS casualty for wound closure and assessment.",basic_first_aid
How do I treat a deep cut or laceration?,"Apply firm pressure with a clean cloth, elevate the area if possible, do not remove embedded objects, and go to AIIMS casualty or call 108 if the wound is deep, gaping, or will not stop bleeding.",basic_first_aid
What is the Aarogya Setu emergency feature?,Aarogya Setu has an emergency SOS feature that can alert pre-saved contacts with the user's location and is a supplementary option alongside calling 112 directly.,calling_emergency
What number do I call for a cardiac emergency in India?,Dial 112 or 108 immediately for a cardiac emergency and ask for an ambulance; in Delhi you can also call the AIIMS emergency at 011-26593308.,calling_emergency
What is the AIIMS number for requesting an emergency CT angiogram?,Emergency CT angiography at AIIMS is arranged through the casualty team at 011-26589142 who coordinate with radiology for urgent vascular or cardiac imaging.,calling_emergency
What should I do if someone swallows a poison or toxic substance?,"Call the AIIMS Poison Centre at 011-26589391 or 112 immediately, note what was swallowed and when, do not induce vomiting unless told to do so by a professional.",basic_first_aid
What should I do if someone swallows a button battery?,Call 108 and go to AIIMS casualty immediately as button batteries cause severe internal burns within hours; do not give food or water and note the battery type if possible.,basic_first_aid
When should I use the child helpline 1098 rather than calling a general emergency number?,"Call 1098 specifically for reporting child abuse, abandoned children, or runaways; for a child in immediate medical danger call 108 for ambulance and 112 for combined emergency response.",calling_emergency
How do I talk to a person who is threatening to harm someone else?,"Stay calm, do not challenge or provoke them, remove others from the area, call 112 immediately, and do not attempt to physically restrain a threatening person.",mental_health_emergency
What is the number for Delhi traffic police assistance?,"1095 is the Delhi traffic police helpline for road accidents, traffic signal failures, and assistance on Delhi roads, separate from the main police emergency at 100.",calling_emergency
What is the AIIMS contact for emergency radiotherapy for spinal cord compression?,Spinal cord compression in cancer patients is an oncological emergency and should be directed to AIIMS casualty and oncology team through the operator at 011-26588500.,calling_emergency
What is the AIIMS orthopaedic emergency contact for fractures?,Orthopaedic fracture emergencies at AIIMS are handled at the JPNATC Trauma Centre reachable at 011-26741471 for high-energy trauma cases.,calling_emergency
What is the AIIMS urology emergency number for acute urinary retention?,Urological emergencies including acute urinary retention should be reported to the AIIMS casualty at 011-26589142 and the urology team will be alerted for urgent catheterisation.,calling_emergency
What is the first aid for a chemical burn to the mouth or throat?,"Do not induce vomiting, give small sips of water if the person is fully conscious, call 108 and AIIMS Poison Centre 011-26589391 immediately as airway burns can swell rapidly.",basic_first_aid
What are the signs of a heart attack?,"Signs include severe chest pain or pressure spreading to the arm or jaw, breathlessness, sweating, nausea, dizziness, and a feeling of impending doom; call 112 immediately.",basic_first_aid
What is the number for the National Health Helpline in India?,104 is the National Health Helpline providing free medical advice and health guidance around the clock and can refer callers to appropriate facilities including AIIMS.,calling_emergency
What is the Red Cross disaster response number in India?,"The Indian Red Cross Society can be reached at 011-23716441 for disaster relief coordination, blood donation, and humanitarian support during major emergencies.",disaster_evacuation
Is psychiatric first aid different from general first aid?,"Yes, psychiatric first aid focuses on emotional safety, listening, reducing agitation, and connecting the person to professional support rather than physical treatment.",mental_health_emergency
What is the first aid for a tooth knocked out in an accident?,"Hold the tooth by the crown not the root, rinse with milk or saline, place it back in the socket if clean or store in milk, and go to the AIIMS dental casualty within an hour for reimplantation.",basic_first_aid
How is AIIMS notified of an incoming mass casualty event from a Delhi hospital network?,AIIMS participates in the Delhi hospital coordination network and receives mass casualty notifications through the Delhi government health emergency operations centre.,disaster_evacuation
What should I do if a person in a psychiatric ward barricades themselves in a room?,"Alert AIIMS security and the psychiatric duty team through 011-26588500 immediately, do not attempt to force entry, maintain calm verbal contact, and wait for trained psychiatric staff.",mental_health_emergency
What support is available for elderly patients with dementia experiencing acute behavioural disturbance?,AIIMS geriatric psychiatry team manages behavioural emergencies in dementia patients and can be accessed through casualty at 011-26589142 or the operator at 011-26588500.,mental_health_emergency
What is the first aid for a suspected aortic aneurysm rupture?,"This is immediately life-threatening; call 108 at once, lay the person flat, do not give food or water, keep them warm and still, and warn AIIMS vascular surgery through the trauma centre.",basic_first_aid
What should I do if a mental health patient becomes aggressive and threatens hospital staff?,"Do not confront the person physically, call AIIMS security through 011-26588500 and the psychiatric duty team, clear the area of other patients, and await trained personnel.",mental_health_emergency
What information should I give when calling 112 or 108?,"State your name, exact location or nearby landmark, the nature of the emergency, and the number of people affected so the dispatcher can send the right help quickly.",calling_emergency
Can non-AIIMS patients call AIIMS for emergency medical advice?,AIIMS casualty and the poison information centre at 011-26589391 provide general emergency guidance and anyone in a medical crisis may call for advice.,calling_emergency
What is the ambulance number in India?,108 is the dedicated national ambulance helpline in India and is available free of charge from any mobile phone at any time.,calling_emergency
What should I do if there is a bomb threat at AIIMS?,"Do not touch suspicious packages, call 100 for police immediately, evacuate the area calmly following staff instructions, and do not use mobile phones near suspected devices.",disaster_evacuation
Does AIIMS have a dedicated helpline for patients arriving from other states?,Outstation patients can contact the AIIMS Medical Superintendent's office at 011-26588700 and the OPD helpdesk at 011-26589142 for guidance on emergency access.,calling_emergency
What should I do if I witness a cardiac arrest at a Delhi Metro station?,"Alert Metro staff immediately as all Delhi Metro stations have AEDs and trained staff, call 112, and begin CPR if you are trained while waiting for the Metro emergency team.",calling_emergency
What is the AIIMS endocrinology emergency number for diabetic coma?,Diabetic emergencies including hypoglycaemic or hyperglycaemic coma should be taken to AIIMS casualty at 011-26589142 for immediate glucose correction and assessment.,calling_emergency
What is the first aid treatment for a severe burn?,"Call 108 immediately, cool the area with running water for at least twenty minutes, cover with a clean non-fluffy cloth, do not remove stuck clothing, and keep the person warm.",basic_first_aid
What role does the AIIMS security team play in managing emergency situations on campus?,"AIIMS security coordinates campus evacuation, manages access control during emergencies, escorts patients in distress, and acts as the first point of contact for all on-campus safety incidents.",disaster_evacuation
What is the cyber crime helpline number in India?,"1930 is the national cyber crime helpline in India operated by the Ministry of Home Affairs for reporting online fraud, hacking, and digital emergencies.",calling_emergency
How do I treat a pressure injury or bedsore that is bleeding?,"Apply gentle pressure with a clean pad, do not rub, keep the wound covered, relieve pressure from the area immediately, and seek wound care assessment at AIIMS.",basic_first_aid
What is the AIIMS contact for sickle cell crisis presenting with severe pain?,"Sickle cell crisis patients should go to AIIMS casualty at 011-26589142 for urgent pain management and blood transfusion if needed, coordinating with the haematology team.",calling_emergency
What is the first aid for excessive vomiting and dehydration?,"Give small sips of oral rehydration solution frequently, do not give solid food, and take the person to AIIMS casualty if they cannot keep fluids down, are confused, or show sunken eyes.",basic_first_aid
How do I perform mouth-to-mouth rescue breathing without a barrier device?,"Tilt the head back, lift the chin, pinch the nose, seal your mouth over theirs, and give one breath over one second while watching for chest rise; give two breaths after every thirty compressions.",basic_first_aid
What is the role of police in mental health emergencies in India?,"Under the Mental Healthcare Act 2017, police must assist in taking a person at imminent risk to the nearest mental health facility and cannot criminalise mental health crises.",mental_health_emergency
Can I call AIIMS casualty in advance to prepare for an incoming trauma patient?,"Yes, calling AIIMS casualty at 011-26589142 ahead of arrival for major trauma allows the team to mobilise the right specialists and prepare resuscitation resources before the patient arrives.",calling_emergency
How do I treat a torn fingernail with exposed nail bed?,"Rinse with clean water, cover with a clean non-stick dressing, apply gentle pressure for bleeding, and go to AIIMS casualty or a local clinic for proper dressing and tetanus check.",basic_first_aid
What is the flood rescue number operated by the Delhi government?,During monsoon flooding the Delhi Flood Control Room at 011-23379249 coordinates water rescue and can arrange evacuation for people stranded by floodwater.,disaster_evacuation
How should bedridden patients be evacuated during a fire at AIIMS?,"Staff follow the AIIMS fire evacuation protocol using horizontal evacuation to adjacent fire compartments first, then vertical evacuation to lower floors via fire evacuation chairs.",disaster_evacuation
What is the first aid for an open fracture where bone is visible?,"Do not push the bone back in, cover loosely with a clean damp cloth, do not apply pressure directly on the bone, control surrounding bleeding, and call 108 immediately.",basic_first_aid
What is the AIIMS forensic medicine contact for medico-legal emergencies?,Medico-legal cases at AIIMS are handled by the Department of Forensic Medicine and Toxicology and can be reached through the hospital operator at 011-26588500.,calling_emergency
What is the railway accident emergency number in India?,182 is the dedicated railway accident and security helpline operated by Indian Railways for emergencies on trains and at railway stations.,calling_emergency
What should I do to prepare my home for Delhi monsoon flooding?,"Waterproof important documents, elevate electrical points if possible, keep a stock of ORS and first aid supplies, save emergency numbers including 1078 and AIIMS, and know your nearest flood shelter.",disaster_evacuation
How do I recognise internal abdominal organ injury after a blunt impact and what should I do?,"Signs of internal organ injury after impact include increasing abdominal rigidity, spreading bruising, nausea, and signs of shock; lay the person flat, call 108, and alert AIIMS trauma team at 011-26741471.",basic_first_aid
What is the AIIMS protocol for managing a mass casualty road accident near the hospital?,"AIIMS activates its mass casualty plan, deploys triage at the casualty gate, calls all available surgeons and anaesthetists, and coordinates with NDRF and Delhi government for additional resources.",disaster_evacuation
What should I do if I witness a medical emergency at AIIMS campus?,"Alert any AIIMS security guard immediately, call 011-26589142 for casualty support, or rush to the casualty entrance marked as Emergency and Trauma.",calling_emergency
How do I treat a knee dislocation after a sports injury?,"Keep the knee in the position found, apply ice wrapped in cloth, do not try to straighten it, support with padding, call 108, and go to AIIMS orthopaedic casualty immediately.",basic_first_aid
What is the Delhi flood helpline number?,The Delhi Flood Control Room operates during monsoon season at 011-23379249 and the NDMA helpline 1078 provides guidance for all flood-related emergencies.,disaster_evacuation
Is there a dedicated paediatric emergency number at AIIMS?,Paediatric emergencies at AIIMS are handled through the main casualty at 011-26589142 and the paediatric ward can be reached via the hospital operator at 011-26588500.,calling_emergency
What number should I call for a road accident near AIIMS?,"Call 112 for police and ambulance, and if the accident is near AIIMS the trauma centre at 011-26741471 can be alerted simultaneously.",calling_emergency
What is the national de-addiction helpline number and what services does it cover?,"14446 is the national de-addiction helpline operated by the Ministry of Social Justice covering alcohol, opioid, and other substance abuse emergencies and treatment referrals.",mental_health_emergency
Can I bring someone involuntarily to AIIMS psychiatry if they are a danger to themselves?,"Under the Mental Healthcare Act 2017, a person in immediate danger may be brought for emergency assessment and the AIIMS casualty team can guide the process at 011-26589142.",mental_health_emergency
What is the first aid for a crush injury?,Do not try to free the person from a heavy weight without professional help as releasing pressure can cause sudden cardiac arrest; call 112 immediately and keep the person warm and still.,basic_first_aid
What is the iCall helpline and who operates it?,iCall is operated by the Tata Institute of Social Sciences and provides free professional psychological support at 9152987821 on weekdays from eight in the morning to ten at night.,mental_health_emergency
What is the first aid for a suspected Achilles tendon rupture?,"Support the ankle, do not weight-bear, apply ice wrapped in cloth, elevate the leg, and go to AIIMS orthopaedic casualty for assessment and surgical referral if confirmed.",basic_first_aid
What should I do if a patient has a cardiac arrest during a fire evacuation?,"Begin CPR immediately, call for the crash team through 011-26589142, do not delay CPR to continue evacuation unless the area is immediately life-threatening, and continue until the team arrives.",disaster_evacuation
What is the role of AIIMS nursing staff during a mass casualty event?,"AIIMS nurses support triage by assessing vital signs and tagging patients, assist in rapid IV access and medication administration, and coordinate patient flow from casualty to wards.",disaster_evacuation
How do I recognise and respond to internal bleeding?,"Signs include bruising, distended abdomen, coughing blood, vomiting blood, or shock; lay the person flat, raise legs if no chest or head injury, keep warm, and call 108 immediately.",basic_first_aid
What should a bystander do if they witness someone threatening to jump from a height?,"Call 112 immediately, do not try to physically restrain them, maintain calm verbal contact, keep others away, and follow instructions from the police and crisis negotiators.",mental_health_emergency
What is the AIIMS nephrology emergency for acute kidney failure?,Acute kidney failure emergencies at AIIMS are managed through the casualty ward at 011-26589142 where the nephrology team can be alerted for urgent review.,calling_emergency
How does AIIMS identify and evacuate immunocompromised patients safely during a fire?,Immunocompromised patients are prioritised in evacuation plans to avoid infection exposure and are evacuated to designated clean safe refuge areas away from dust and debris.,disaster_evacuation
What helpline can AIIMS resident doctors call for confidential support during burnout?,AIIMS resident doctors can contact the AIIMS Student and Resident Wellness Programme or call iCall at 9152987821 for external confidential support.,mental_health_emergency
How are AIIMS OPD patients managed when the hospital activates an emergency plan?,"OPD services are suspended during a full emergency activation, existing outpatients are directed to nearby hospitals or discharged safely, and all resources are redirected to the emergency and casualty departments.",disaster_evacuation
What resources are available for patients with OCD experiencing a severe episode?,Patients with severe OCD can contact iCall at 9152987821 for telephone support and access structured therapy through the AIIMS psychiatry outpatient department for ongoing management.,mental_health_emergency
What is the DRSABC emergency action plan?,"DRSABC stands for Danger, Response, Send for help, Airway, Breathing, and CPR; it is the standard sequence of checks and actions to follow when responding to any emergency.",basic_first_aid
What first aid approach is used for a person frozen in shock after sudden news?,"Speak gently, maintain calm physical proximity, offer water, avoid demanding responses, and encourage the person to breathe slowly; call AIIMS casualty if they become unresponsive or collapse.",mental_health_emergency
What is the AIIMS obstetric emergency number for pregnancy complications?,Obstetric emergencies at AIIMS should be directed to the AIIMS Maternity Wing through the hospital operator at 011-26588500 or casualty at 011-26589142.,calling_emergency
How do I treat a blunt abdominal injury?,"Keep the person still, do not give food or water, watch for signs of internal bleeding such as rigidity or bruising, and call 108 or go to AIIMS casualty immediately.",basic_first_aid
What number should I call if I find an unresponsive person on the street in Delhi?,"Call 112 immediately for combined emergency response and stay with the person until help arrives, keeping them warm and on their side if breathing.",calling_emergency
What is the AIIMS contact for an emergency tracheostomy?,A patient needing emergency airway protection is managed at AIIMS casualty at 011-26589142 where the ENT and anaesthesia on-call teams are called for emergency airway procedures.,calling_emergency
How do I perform CPR on an adult?,"Place the heel of your hand on the centre of the chest, press down hard and fast at least five centimetres deep, give thirty compressions then two rescue breaths, and repeat until help arrives.",basic_first_aid
What is the first aid treatment for electric shock?,"Do not touch the person if still in contact with the current, switch off the source if safe to do so, call 112, check breathing and begin CPR if needed after contact is broken.",basic_first_aid
Is there a hearing-impaired emergency facility at AIIMS?,"Hearing-impaired individuals can use the SMS feature of 112 or accompany a helper to the AIIMS casualty directly, where sign language assistance can be arranged.",calling_emergency
What is the AIIMS ENT emergency number for choking or airway obstruction?,Airway emergencies including choking should be taken to the AIIMS casualty at 011-26589142 immediately as airway obstruction is life-threatening.,calling_emergency
What is the first aid for a fall from height with suspected multi-system injury?,"Do not move the person, call 108 immediately, maintain spinal alignment, control external bleeding, monitor breathing, and alert AIIMS JPNATC at 011-26741471 before arrival.",basic_first_aid
How do I manage a child who has swallowed a foreign object?,If the child is breathing and not choking call AIIMS casualty at 011-26589142 for advice; if choking perform infant or child back blows and abdominal thrusts and call 108 immediately.,basic_first_aid
What is the domestic violence helpline number in India?,181 is the national women helpline for domestic violence and AIIMS has a social work team reachable through the operator at 011-26588500 for in-hospital support.,calling_emergency
How do I perform blind finger sweeps during choking in a conscious adult?,Blind finger sweeps are no longer recommended in conscious adults as they can push objects deeper; use back blows and abdominal thrusts alternately until the object clears or consciousness is lost.,basic_first_aid
What is acute stress reaction and how is it managed?,"Acute stress reaction follows a traumatic event and causes extreme anxiety, confusion, or physical symptoms; reassurance, a calm environment, and professional support from AIIMS psychiatry are the key responses.",mental_health_emergency
How do I treat a severe nappy rash with skin breakdown in an infant?,"Clean gently with water and pat dry, apply a barrier cream, keep the area exposed to air, and take the infant to AIIMS paediatric casualty if the skin is broken or infected.",basic_first_aid
What should I do if fire breaks out in an AIIMS kitchen or catering area?,"Alert the nearest fire point, call 101 and AIIMS security at 011-26588500, use the kitchen fire extinguisher or blanket only if trained, and evacuate all non-essential staff immediately.",disaster_evacuation
What is triage and how is it used in a mass casualty event?,"Triage is the process of sorting patients by severity to prioritise treatment; at AIIMS red tags indicate immediate life-threatening need, yellow means delayed, green means minor, and black means unsalvageable.",disaster_evacuation
How do I contact AIIMS for an emergency outside of OPD hours?,The AIIMS casualty operates twenty-four hours a day and can be reached at 011-26589142 at any time for emergencies outside of regular outpatient department hours.,calling_emergency
What should I do if I am trapped by fire in a building?,"Close the door between you and the fire, seal gaps with cloth, signal from the window, call 112 to give your exact location, and wait for rescue rather than trying to escape through fire.",disaster_evacuation
What is the AIIMS emergency department contact number?,The AIIMS Trauma Centre and Emergency can be reached at 011-26593308 and 011-26594404 for immediate medical emergencies.,calling_emergency
What is the AIIMS haematology emergency for severe anaemia or bleeding disorders?,Haematological emergencies such as severe anaemia or sickle cell crisis should be reported to casualty at 011-26589142 and the blood bank can be reached at 011-26588663.,calling_emergency
What is the first aid for a dental abscess that is causing breathing difficulty?,A dental abscess causing airway compromise is a surgical emergency; call 108 immediately and go to AIIMS oral surgery casualty as airway swelling can be life-threatening.,basic_first_aid
What is the Integrated Emergency Response System in India?,"The Integrated Emergency Response System routes all 112 calls to a unified dispatch centre that can simultaneously alert police, ambulance, and fire services for coordinated response.",disaster_evacuation
What is the iCall support line for students at AIIMS?,AIIMS students can access mental health support through the AIIMS student wellness programme and through iCall at 9152987821 for external professional counselling.,mental_health_emergency
Can WhatsApp or internet calls be used to contact emergency services in India?,Emergency services in India primarily operate through standard calls on 112 or 108 and internet-based calls may not reliably connect to dispatch centres.,calling_emergency
How do I manage an acute gout attack causing severe joint pain?,"Rest the affected joint, elevate it, apply ice for twenty minutes, and seek medical care at AIIMS for anti-inflammatory medication; go to casualty if the pain is accompanied by fever.",basic_first_aid
How does AIIMS communicate with patients and families during a major disaster?,"AIIMS uses its public address system, hospital website, and coordination with Delhi government media to communicate updates and direct patients and families during major incidents.",disaster_evacuation
What should I tell emergency services when calling about a mental health emergency?,"State that it is a mental health emergency, describe the specific behaviour, say whether there are weapons or drugs involved, and ask for a mental health trained responder if available.",mental_health_emergency
What should I do during a heatwave emergency in Delhi?,"Stay indoors between noon and three PM, drink ORS or water frequently, wear loose light clothing, call 108 for heat stroke symptoms, and use the AIIMS casualty at 011-26589142 for severe cases.",disaster_evacuation
What is the first aid for a suspected poisoning by household chemicals?,"Call AIIMS Poison Centre 011-26589391 immediately, keep the container to show doctors, do not induce vomiting for corrosive substances, and call 108 if the person is unresponsive.",basic_first_aid
How do I treat a severe allergic reaction to food before help arrives?,"Use an EpiPen if available, call 108, lay the person flat with legs raised unless breathing is difficult in which case sit them up, and be ready to start CPR if they become unresponsive.",basic_first_aid
Does AIIMS have a dedicated women helpline for emergencies?,The national women helpline is 181 and AIIMS has social workers and a gender sensitisation committee reachable through the main hospital number 011-26588500.,calling_emergency
What should I do if I am unable to evacuate a wheelchair user during a fire?,"Move them to the nearest designated refuge area on the same floor, stay with them, call AIIMS security at 011-26588500, and alert the fire team to their exact location for priority rescue.",disaster_evacuation
What is the difference between a mental health crisis and a psychiatric emergency?,A mental health crisis involves significant distress without immediate physical danger while a psychiatric emergency involves immediate risk of harm to self or others requiring urgent intervention.,mental_health_emergency
What is the AIIMS New Delhi main helpline number?,The AIIMS New Delhi main helpline is 011-26588500 and is available for general enquiries and emergencies related to the hospital.,calling_emergency
How do I handle a patient with suspected meningococcal septicaemia?,"The non-blanching petechial rash of meningococcal disease is a medical emergency; call 108 without delay, keep the person warm, and alert AIIMS casualty at 011-26589142 immediately.",basic_first_aid
What should parents do if a teenager discloses thoughts of self-harm?,"Take it seriously without minimising, remove access to means of harm, call iCall at 9152987821 for immediate guidance, and arrange an urgent psychiatric assessment at AIIMS.",mental_health_emergency
What should I do if someone is having a seizure?,"Clear the area of hard objects, cushion the head, do not restrain the person or put anything in their mouth, time the seizure, and call 112 if it lasts more than five minutes.",basic_first_aid
How do I treat a patient having a severe asthma attack?,"Help the person sit upright, support their hands on knees, encourage slow breathing, assist with their prescribed inhaler, call 108 if there is no improvement after one dose or they cannot speak.",basic_first_aid
What should I do if I smell burning but cannot see any fire at AIIMS?,"Alert AIIMS security at 011-26588500 immediately, do not ignore the smell, evacuate the area, and wait for the fire safety team to investigate before re-entering.",disaster_evacuation
How do I use a fire hose reel in a hospital building?,"Break the glass to access the reel, turn the valve to start water flow, pull out the hose fully before pointing it at the base of the fire; only use if you have training and the fire is small.",disaster_evacuation
What is the iCall service and how does it differ from a crisis helpline?,iCall provides structured telephone counselling with trained psychologists for ongoing mental health concerns while a crisis helpline offers immediate support during acute emergencies.,mental_health_emergency
What is the correct way to remove a splinter from the skin?,"Clean the area with antiseptic, sterilise tweezers with a flame or alcohol, grasp the splinter at skin level, pull in the same direction it entered, clean again, and seek care if infection develops.",basic_first_aid
What should I do if my clothing catches fire?,"Stop immediately, drop to the ground, cover your face with your hands, and roll to smother the flames; do not run as movement fans the fire and makes it burn faster.",disaster_evacuation
What is the AIIMS Medical Superintendent contact?,"The AIIMS Medical Superintendent can be reached at 011-26588700 for administrative emergencies, grievances, and senior-level hospital queries.",calling_emergency
How do I assess a person's level of consciousness in an emergency?,"Use the AVPU scale: check if the person is Alert, responds to Voice, responds to Pain, or is Unresponsive; report this to the 112 dispatcher and paramedics when they arrive.",basic_first_aid
When should I call the police rather than an ambulance for a mental health emergency?,"Call police at 100 or 112 if there is a weapon involved, threats are being made to others, or you are unable to safely approach the person; ambulance remains the first call if there is no threat.",mental_health_emergency
What should I do if a child shows signs of severe anxiety or panic?,"Stay calm yourself, help the child breathe slowly, remove them from the triggering environment, call the child helpline 1098 if in danger, and arrange psychiatric assessment at AIIMS if episodes are recurring.",mental_health_emergency
How do I treat sunstroke in a child during a Delhi summer?,"Move the child to a cool shaded area, remove excess clothing, apply cool damp cloths to the head and body, give cool water to sip if conscious, and call 108 if temperature remains above 103Â°F.",basic_first_aid
How do I prevent a hypothermia patient from going into cardiac arrest before the ambulance arrives?,"Handle the hypothermic patient very gently as cold hearts are prone to arrhythmia, insulate from the ground, add dry warm layers, avoid rubbing the limbs, and call 108 while monitoring breathing continuously.",basic_first_aid
What is the AIIMS contact for patients needing immediate dialysis?,Patients requiring emergency dialysis should be taken to AIIMS casualty at 011-26589142 where the nephrology team will be called to assess and arrange urgent haemodialysis.,calling_emergency
What is the first aid for acute epiglottitis causing breathing difficulty?,"Acute epiglottitis is a life-threatening airway emergency; do not examine the throat, keep the person upright and calm, call 108 and alert AIIMS ENT casualty at 011-26589142 immediately.",basic_first_aid
How do I use an EpiPen for anaphylaxis?,"Remove the blue safety cap, press the orange tip firmly against the outer thigh, hold for ten seconds, then call 112 immediately even if symptoms improve as a second reaction can occur.",basic_first_aid
What is the AIIMS Trauma Centre number?,The AIIMS Jai Prakash Narayan Apex Trauma Centre (JPNATC) can be contacted at 011-26741471 and 011-26741472 for trauma emergencies.,calling_emergency
What should families near AIIMS do if they hear the national emergency broadcast sirens?,"Tune to All India Radio at 100 FM or DD National for official instructions, stay indoors if advised, avoid the affected area, and call 112 for immediate guidance if in danger.",disaster_evacuation
How does the AIIMS casualty team manage a patient brought in with acute psychosis?,"On arrival the AIIMS casualty team conducts a rapid safety assessment, calls the psychiatric duty registrar for evaluation, and arranges admission to the psychiatry ward if ongoing risk is confirmed.",calling_emergency
How do I recognise the signs of carbon monoxide poisoning in a building?,"Signs include unexplained headache, dizziness, confusion, and nausea in multiple people in the same building; evacuate immediately, call 112, and take affected persons to AIIMS casualty.",disaster_evacuation
Is there a mental health helpline specifically for women in India?,"The national women helpline at 181 and the iCall line at 9152987821 both provide mental health support for women experiencing domestic violence, trauma, or emotional crises.",mental_health_emergency
How do I treat frostbite in a cold weather emergency?,"Move the person to a warm dry place, remove wet clothing and jewellery from the affected area, warm the area in tepid not hot water, do not rub, and seek medical care urgently.",basic_first_aid
How do I give first aid to a lightning strike victim?,"Call 108 immediately, it is safe to touch the person, check for breathing and begin CPR if needed, treat for burns, and keep them warm as lightning victims often go into shock.",disaster_evacuation
What should I do after a seizure stops?,"Place the person in the recovery position, stay with them as they may be confused, call 112 if it is their first seizure, if they have another, or if they are injured.",basic_first_aid
What is the first aid for a suspected miscarriage or obstetric emergency?,"Keep the woman calm and lying down, do not give medication, call 108 or go directly to AIIMS Maternity Wing casualty at 011-26588500, and note the time symptoms began.",basic_first_aid
What is the AIIMS ophthalmology on-call contact for retinal detachment?,Retinal detachment is a sight-threatening emergency and patients should contact AIIMS through the operator at 011-26588500 or go directly to the casualty at 011-26589142 for urgent ophthalmology review.,calling_emergency
How does AIIMS manage pharmaceutical inventory during a prolonged disaster?,"AIIMS activates its emergency pharmacy protocol, prioritises critical medications, coordinates with central government medical stores, and uses the hospital disaster management plan for supply continuity.",disaster_evacuation
What is the flood rescue team contact number for the Yamuna River in Delhi?,The Delhi Flood Control Room at 011-23379249 coordinates Yamuna flood response and NDRF teams are deployed to affected areas during high river levels.,disaster_evacuation
What is the first aid for a patient with chest pain who is conscious?,"Help the person sit in a comfortable semi-reclined position, loosen tight clothing, give one 325mg aspirin if not allergic, call 108, and stay with them reassuring calmly until help arrives.",basic_first_aid
How do I treat a displaced jaw or mandible dislocation?,"Support the jaw without trying to reposition it, apply cold pack for swelling, give soft pain relief if available, and go to AIIMS oral surgery or ENT casualty for professional reduction.",basic_first_aid
When should I dial 112 instead of calling a specific service like police or ambulance?,"Dial 112 when you are unsure which service is needed, when multiple services are required simultaneously, or when you cannot reach a specific line, as 112 dispatches all three services.",calling_emergency
What mental health support is available for flood or earthquake survivors in India?,"Government disaster psychosocial support teams, NIMHANS rapid response teams, and the KIRAN helpline at 1800-599-0019 all provide mental health support following major disasters.",mental_health_emergency
What are the signs of severe depression that require emergency care?,"Emergency care is needed when someone with depression stops eating, is unable to care for themselves, expresses active suicidal intent, or shows signs of psychosis alongside depression.",mental_health_emergency
How do I treat a dislocated joint?,"Support the joint in the position found, apply ice wrapped in cloth, do not attempt to push it back into place, and take the person to AIIMS casualty for professional reduction.",basic_first_aid
What is the fire emergency number in India?,101 is the national fire emergency number in India and should be called immediately for any fire or explosion hazard.,calling_emergency
How do I treat a fever above 104Â°F in a child at home?,"Remove excess clothing, give paracetamol at the correct weight-based dose, sponge with lukewarm water, encourage fluids, and take the child to AIIMS paediatric casualty if the fever does not reduce or the child has a seizure.",basic_first_aid
What is the Directorate General of Civil Aviation emergency contact for air accidents near Delhi?,"Air accident emergencies near Delhi are coordinated by DGCA at 011-24622495 alongside police at 100, fire at 101, and ambulance at 108 for medical response.",disaster_evacuation
How do I treat a hand caught in machinery?,"Do not try to free the hand by force, switch off the machinery at the power source, control bleeding with clean cloth, call 108, and keep the person still and calm until rescue arrives.",basic_first_aid
How do I report a suspicious object or security threat at AIIMS?,"Alert AIIMS security through the operator at 011-26588500, call 100 for police, and direct others away from the area without causing panic.",disaster_evacuation
What is the AIIMS cardiothoracic emergency number?,Cardiothoracic emergencies at AIIMS should be directed through the main emergency number 011-26593308 and the team will be alerted by the casualty staff.,calling_emergency
What should I do during a stampede or crowd crush emergency?,"Do not fall, stay on your feet, move diagonally toward the edge of the crowd, protect your chest by keeping arms up, call 112, and go to AIIMS casualty for any injuries sustained.",disaster_evacuation
What is the first aid for someone who has fainted?,"Lay the person flat on their back, raise their legs above heart level, loosen tight clothing, check breathing, and call 108 if they do not regain consciousness within one minute.",basic_first_aid
How do I open an unconscious person's airway?,"Tilt the head back by placing one hand on the forehead and lifting the chin with two fingers of the other hand, this opens the airway and allows assessment of breathing.",basic_first_aid
What is the AIIMS contact for a patient found to be deeply jaundiced and confused?,Jaundice with confusion may indicate acute liver failure and the patient should go to AIIMS casualty at 011-26589142 immediately as this is a life-threatening emergency.,calling_emergency
What should I do if a person becomes violent during a mental health crisis?,"Do not restrain them yourself unless absolutely necessary to prevent injury, keep distance, speak calmly, call 112 for police assistance, and do not leave them alone.",mental_health_emergency
What is the AIIMS communication system during a major internal emergency?,"AIIMS uses a public address system, designated emergency phones throughout the campus, and a cascade notification system to alert department heads and on-call staff during major incidents.",disaster_evacuation
What is the Delhi emergency number for chemical or industrial accidents?,"Call 101 for fire services, 100 for police, and 108 for medical help in a chemical or industrial accident; AIIMS Poison Centre 011-26589391 can advise on toxic exposures.",calling_emergency
Is there an AIIMS WhatsApp number for non-urgent queries?,AIIMS does not operate an official WhatsApp helpline and all hospital communication should go through official numbers starting with 011-26588500.,calling_emergency
What is the fire helpline number in Delhi?,101 is the Delhi fire services emergency number and calls are free from any phone at any time for fires anywhere in the National Capital Region.,disaster_evacuation
How should I help injured people after a building collapse?,"Do not move injured persons unless in immediate danger, call 112 immediately, mark the location of survivors for rescue teams, do not disturb rubble as it may cause further collapse.",disaster_evacuation
What is the first aid for a patient with altered consciousness after a fall?,"Assume a head and spinal injury, do not move the person unnecessarily, keep the airway open, call 108, note the time of the fall, and inform AIIMS trauma team at 011-26741471.",basic_first_aid
How do I safely cross a flooded road on foot in Delhi?,"Do not enter floodwater above knee height, use a stick to check depth, keep to the edge near buildings, move slowly, and call 112 if you cannot cross safely.",disaster_evacuation
How do I perform CPR on a child aged one to eight years?,"Use one or two hands on the lower half of the breastbone, compress to one-third the chest depth, give thirty compressions followed by two gentle rescue breaths, and repeat the cycle.",basic_first_aid
How do I perform a jaw thrust on a patient with a suspected spinal injury?,"Kneel behind the head, place fingers behind the jaw angles, and push the jaw forward without tilting the head, maintaining the neutral spine position while opening the airway.",basic_first_aid
What emergency supplies should be kept ready for a disaster in Delhi?,"Keep at least three days of drinking water, non-perishable food, a first aid kit, a torch, spare batteries, important documents in a waterproof bag, and a list of emergency numbers including AIIMS.",disaster_evacuation
What is the first aid for an ear injury from a blast or explosion?,"Cover the ear with a clean cloth without applying pressure, do not insert anything into the ear canal, support the head and neck, call 108, and warn AIIMS ENT casualty on arrival.",basic_first_aid
How do I help someone who is experiencing severe medication side effects affecting their mental state?,"Contact the prescribing doctor or AIIMS casualty at 011-26589142 immediately, note the medication name and dose, do not stop the medication without medical advice, and monitor for further changes.",mental_health_emergency
How do I help someone who is severely grief-stricken after a sudden loss?,"Stay present, do not try to explain or minimise the loss, offer practical help, encourage them to eat and drink, and suggest professional support if grief is overwhelming normal functioning.",mental_health_emergency
How do I recognise compassion fatigue in healthcare workers at AIIMS?,"Signs include emotional exhaustion, reduced empathy, dreading work, feeling detached from patients, and sleep disturbance; AIIMS staff wellness and iCall at 9152987821 can provide support.",mental_health_emergency
What should I do if smoke fills a corridor while I am evacuating?,"Stay low where the air is cleaner, cover your nose and mouth with cloth if available, feel doors before opening to check for heat, and move toward the nearest fire exit or safe refuge area.",disaster_evacuation
What is the process for admitting a child with a psychiatric emergency at AIIMS?,A child brought to AIIMS with a psychiatric emergency is assessed jointly by the paediatric and psychiatry teams and admitted to either the paediatric ward or psychiatry unit depending on the clinical need.,mental_health_emergency
What should I do if a person has attempted self-harm?,"Ensure their physical safety first by controlling bleeding or calling 108, then take them to AIIMS casualty at 011-26589142 for both physical and psychiatric assessment.",mental_health_emergency
What is the AIIMS poison control helpline?,The AIIMS Poison Information Centre can be reached at 011-26589391 for guidance on poisoning cases and toxic substance exposures.,calling_emergency
What should I do if a patient discloses active suicidal planning during a routine consultation at AIIMS?,"Do not leave the patient alone, call the psychiatric liaison team through the AIIMS operator at 011-26588500, document the disclosure, and ensure a safety plan is in place before discharge.",mental_health_emergency
When should a tourniquet be used for bleeding?,"A tourniquet should be applied to a limb only when bleeding is life-threatening and cannot be controlled by direct pressure alone, and the time of application must be noted and told to paramedics.",basic_first_aid
What is the AIIMS pulmonology emergency for severe breathing difficulty?,Severe respiratory distress requires immediate attention and patients should be taken to AIIMS casualty at 011-26589142 where the pulmonology team can be called for urgent assessment.,calling_emergency
How do I report a chemical spill near AIIMS to the Delhi pollution authority?,Report chemical spills to the Delhi Pollution Control Committee at 011-27352945 and call 101 for fire hazmat teams and 112 for combined emergency response.,disaster_evacuation
