question,answer,topic
What is the cost of anti-epileptic medicines at AIIMS?,"Generic anti-epileptics like phenytoin, valproate, and carbamazepine are available at AIIMS at highly subsidised rates; the social worker can assist patients who cannot afford even subsidised costs.",medicine_costs
What is a formulary and how does AIIMS decide which medicines to stock?,"A formulary is the approved list of medicines stocked and prescribed at AIIMS and is reviewed by the hospital drug and therapeutics committee based on evidence, safety, and cost-effectiveness.",prescription
Are eye medicines for retinal conditions expensive and is support available at AIIMS?,Anti-VEGF injections for retinal conditions are among the most expensive medicines and AIIMS works with government schemes and patient support programmes to improve access for eligible patients.,medicine_costs
Can AIIMS help patients access expensive biological medicines through international donations?,AIIMS collaborates with international health organisations and pharmaceutical companies on compassionate access programmes; the treating specialist can advise on available options for specific biologics.,medicine_costs
How does the AIIMS pharmacy handle medicine wastage during inpatient care?,Unused medicines from inpatient stays are returned to the AIIMS ward pharmacy for credit or disposal according to the hospital's medicine management and environmental safety policy.,general_queries
What is the drug price control order in India and how does it protect patients?,The Drug Price Control Order allows the government to cap prices on essential medicines listed in the National List of Essential Medicines to ensure affordability for all patients.,medicine_costs
What are the side effects of iron tablets?,"Iron tablets commonly cause constipation, dark stools, nausea, and stomach cramps; taking them with food reduces nausea but may reduce absorption; taking with vitamin C improves absorption.",side_effects
Can I take an OTC antihistamine if I have an enlarged prostate?,Older sedating antihistamines can worsen urinary retention in men with an enlarged prostate; choose non-sedating options like loratadine or consult a doctor before use.,otc_medicines
What is photosensitivity as a drug side effect?,"Photosensitivity means the medicine makes your skin more sensitive to sunlight, causing redness or rash; medicines like tetracyclines, fluoroquinolones, and some diuretics can cause this.",side_effects
What OTC medicine is safe for a mild headache in pregnancy?,Paracetamol at the lowest effective dose is the safest OTC pain reliever during pregnancy; ibuprofen and aspirin should be avoided especially from twenty weeks onwards.,otc_medicines
What is a Schedule X drug and can it be purchased OTC?,Schedule X drugs are substances with high potential for abuse including psychotropic drugs and narcotics; they require a specially controlled prescription and cannot be purchased OTC.,otc_medicines
What does the instruction apply sparingly mean on a topical prescription?,Apply sparingly means using the smallest amount that covers the affected area; excessive application does not improve results and increases the risk of systemic absorption and side effects.,prescription
What should I do if I am prescribed a medicine I have had a bad reaction to before?,Inform the prescribing doctor and the pharmacist immediately and show your allergy card or record so the prescription can be changed to a safe alternative.,prescription
Does AIIMS charge separately for injections given in the outpatient department?,Minor charges may apply for consumables like syringes and needles at AIIMS OPD; the exact charges are displayed at the cashier counter and are minimal compared to private facilities.,medicine_costs
What side effects are associated with inhalers used for asthma?,Short-acting bronchodilators can cause tremor and palpitations; inhaled corticosteroids can cause oral thrush and hoarseness which is reduced by rinsing the mouth with water after each dose.,side_effects
Can anti-TB medicines cause colour vision changes?,Ethambutol used in TB treatment can cause optic neuritis leading to colour vision changes and reduced visual acuity; vision must be tested before and during treatment and reported immediately if affected.,side_effects
What is a medication error and how does AIIMS work to prevent them?,"A medication error is any preventable event that may cause or lead to inappropriate medication use; AIIMS uses bar-code verification, double-checking systems, and pharmacist review to prevent errors.",general_queries
Can I use OTC antifungal powder for athlete's foot?,Antifungal powders containing clotrimazole or miconazole are effective OTC treatments for athlete's foot; apply to clean dry feet daily for at least four weeks and continue for two weeks after symptoms clear.,otc_medicines
Can grapefruit juice interact with cholesterol-lowering medicines?,"Yes, grapefruit juice significantly increases blood levels of many statins particularly simvastatin and atorvastatin, raising the risk of muscle toxicity; it should be avoided while taking these medicines.",general_queries
What is the role of a drug and therapeutics committee at AIIMS?,"The AIIMS drug and therapeutics committee reviews the hospital formulary, approves new medicines for use, monitors drug safety, and sets prescribing guidelines for all clinical departments.",general_queries
Why do some AIIMS prescriptions include the words not to be dispensed more than once?,This instruction is used for controlled substances or single-episode treatments to prevent unauthorised repeats being filled elsewhere.,prescription
What is the role of the AIIMS department of pharmacology?,"The AIIMS Department of Pharmacology conducts clinical trials, teaches pharmacology to medical students, and provides academic expertise on drug use, interactions, and toxicity to the clinical teams.",general_queries
What precautions should I take before buying any OTC medicine?,"Check the active ingredients for any known allergies, confirm the dose is appropriate for your age and weight, check expiry dates, and inform the pharmacist of all other medicines you are taking.",otc_medicines
How should I administer ear drops correctly?,"Lie with the affected ear facing up, straighten the ear canal by pulling the earlobe back and up in adults, instil the correct number of drops, and remain in position for two to three minutes.",general_queries
What is the difference between a medicine's brand name and its generic name?,The generic name is the approved scientific name for the active compound while the brand name is the commercial name given by the manufacturer; both versions contain the same active ingredient.,general_queries
Can blood pressure medicines cause constipation?,Calcium channel blockers particularly verapamil and diltiazem commonly cause constipation; increasing fluid and fibre intake helps and switching to amlodipine may reduce this side effect.,side_effects
Can beta-blockers cause depression as a side effect?,Some patients report low mood or fatigue with beta-blockers; the evidence for a direct causal link with clinical depression is mixed but any mood change should be discussed with the prescriber.,side_effects
Are mental health medicines available at low cost through AIIMS?,"Psychiatric medicines including antidepressants, antipsychotics, and mood stabilisers are available at AIIMS at government-subsidised rates and free for BPL cardholders.",medicine_costs
Does AIIMS provide free medicines to patients who have lost their income due to serious illness?,The AIIMS Medical Superintendent and social work department have discretionary funds to support patients with acute financial hardship including access to necessary medicines at no charge.,medicine_costs
What is the difference between pharmacology and pharmacy as subjects?,"Pharmacology studies how medicines affect the body and how the body processes medicines while pharmacy covers the preparation, dispensing, quality assurance, and clinical use of medicines.",general_queries
Can I buy antibiotics without a prescription at a pharmacy in India?,Antibiotics are Schedule H drugs in India and legally require a valid prescription; purchasing them without one is illegal and contributes to antibiotic resistance.,otc_medicines
Can I take homeopathic remedies alongside my AIIMS prescription without telling the doctor?,Always inform your doctor about any homeopathic or Ayurvedic preparations you are taking as they may interact with prescription medicines even if the interaction mechanism is not fully established.,general_queries
What is the correct way to dispose of unused OTC medicines?,Return unused medicines to a pharmacy for proper disposal; do not flush them down the toilet or put in general household waste as pharmaceutical waste pollutes water and soil.,otc_medicines
How does the AIIMS pharmacovigilance programme work?,"AIIMS participates in the national pharmacovigilance programme where adverse drug reactions are collected, assessed, and reported to the Central Drugs Standard Control Organisation to improve drug safety.",side_effects
What should I do if my medicine is out of stock nationally and cannot be sourced anywhere?,"Inform your AIIMS treating doctor immediately who can assess therapeutic alternatives, apply for a special import licence if needed, or enrol you in a compassionate use programme.",general_queries
What does it mean when a prescription says apply topically?,Apply topically means to place the medicine directly on the skin or affected surface and not to swallow it; follow the prescribed quantity and area of application.,prescription
What is Rashtriya Arogya Nidhi and how can AIIMS patients access it?,Rashtriya Arogya Nidhi provides one-time financial assistance to BPL patients for serious diseases including cancer and rare conditions at AIIMS; the hospital social worker assists with applications.,medicine_costs
What is the Indian pharmacopoeia and why does it matter?,The Indian Pharmacopoeia sets quality standards for medicines manufactured and sold in India and AIIMS procures medicines that comply with these official standards.,prescription
What is a stat dose on a prescription?,"Stat means immediately; a stat dose is a single one-time dose given at once, often in hospital for urgent situations, separate from any ongoing scheduled doses.",prescription
How does the cost of medicines at AIIMS compare to a private pharmacy?,"Medicines at AIIMS are procured centrally by the government at bulk rates and dispensed at significantly lower prices than most private pharmacies, making treatment affordable for low-income patients.",medicine_costs
Are OTC cold and flu combination products safe for diabetic patients?,Many cold and flu products contain sugary syrups or decongestants that raise blood sugar; diabetic patients should choose sugar-free formulations and avoid pseudoephedrine-containing products.,otc_medicines
What should I do before starting any new medicine if I have liver disease?,Inform the prescribing doctor and pharmacist of your liver disease as many medicines require dose reduction or are contraindicated in hepatic impairment and regular monitoring may be needed.,general_queries
How much does a course of antifungal treatment for systemic infection cost at AIIMS?,Oral fluconazole courses at AIIMS cost between ten and thirty rupees for most indications while longer courses of generic itraconazole remain affordable at government-subsidised rates.,medicine_costs
What is the National List of Essential Medicines and how does it affect AIIMS dispensing?,The National List of Essential Medicines prioritises medicines with the best evidence for public health needs; AIIMS formulary and free drug programmes are based on this list.,medicine_costs
What is the safest OTC pain reliever for someone with kidney disease?,Paracetamol at standard doses is the safest OTC pain reliever for patients with mild kidney disease; NSAIDs like ibuprofen should be avoided as they can worsen kidney function.,otc_medicines
Can I take any of my regular medicines during Ramadan or other religious fasting periods?,Some medicines can be taken during permitted eating windows with minor timing adjustments; discuss your full medication list with the AIIMS pharmacist or doctor well in advance of the fasting period.,general_queries
Can thyroid medicines cause palpitations if the dose is too high?,"Excess levothyroxine causes symptoms of hyperthyroidism including rapid or irregular heartbeat, tremor, heat intolerance, and anxiety; the dose should be reviewed with a blood test.",side_effects
What are the common side effects of methotrexate used for autoimmune conditions?,"Methotrexate can cause nausea, mouth sores, liver toxicity, bone marrow suppression, and lung problems; regular blood monitoring is essential during long-term use.",side_effects
Can I travel with temperature-sensitive medicines on a plane?,"Carry temperature-sensitive medicines in an insulated bag in hand luggage, obtain a letter from the AIIMS doctor confirming the clinical need, and declare them at security if they include needles.",general_queries
What side effects can vaccines cause and how are they managed?,"Common vaccine side effects include soreness at the injection site, mild fever, and fatigue lasting one to two days; paracetamol and rest help and these effects confirm the immune system is responding.",side_effects
Can I take medicine prescribed for one condition for a different problem?,Never use a medicine for a condition other than the one it was prescribed for without consulting a doctor; medications are prescribed for specific indications and doses and using them differently can be harmful.,general_queries
Can I buy eye drops for redness without a prescription?,Plain lubricating or saline eye drops are available OTC for dry eyes and mild irritation; eye drops containing steroids or antibiotics require a prescription and must not be self-medicated.,otc_medicines
What does the term titrate to effect mean on a prescription?,"Titrate to effect means the dose should be gradually adjusted upward until the desired clinical response is achieved, as guided by the prescribing doctor during follow-up.",prescription
Can I take ibuprofen without a prescription for pain relief?,"Ibuprofen is available over the counter for adults at 200 to 400mg every six to eight hours with food, but should be avoided in kidney disease, peptic ulcer, and during pregnancy.",otc_medicines
Can I request a medication use review at the AIIMS pharmacy?,"A medication use review is a structured consultation with the AIIMS clinical pharmacist to check your understanding of your medicines, identify any problems, and optimise your regimen.",general_queries
How do I report a counterfeit or substandard medicine I purchased in Delhi?,"Report counterfeit medicines to the Delhi State Drug Controller at 011-23890107, the Central Drugs Standard Control Organisation helpline, or through the national pharmacovigilance programme.",general_queries
What OTC medication is available for motion sickness in India?,Dimenhydrinate and promethazine tablets for motion sickness are available OTC and should be taken thirty to sixty minutes before travel; they cause drowsiness and should not be taken while driving.,otc_medicines
Can I travel abroad with my AIIMS prescription medicines?,"Carry medicines in original labelled packaging, bring a copy of the prescription with a letter from your doctor, and check the destination country's rules on importing medicines especially for controlled drugs.",prescription
Can I take my AIIMS prescription medicine before a blood test?,Some medicines including metformin and iron supplements can affect blood test results; ask the AIIMS doctor or phlebotomist whether any medicines should be withheld before the specific tests requested.,general_queries
What is a homeopathic medicine and is it available OTC in India?,Homeopathic preparations are widely available OTC in India and are regulated by the Ministry of AYUSH; evidence for their efficacy beyond placebo is limited for most conditions.,otc_medicines
Are diagnostic test costs and medicine costs combined on one AIIMS bill?,AIIMS issues separate billing for investigations and medicines; the cashier can provide an itemised breakdown showing each cost component separately.,medicine_costs
Can I stop taking a prescribed antibiotic once I feel better?,"No, antibiotics must be completed as prescribed even if symptoms improve; stopping early can allow resistant bacteria to survive and cause a harder-to-treat relapse.",prescription
What are the side effects of immunosuppressive medicines after organ transplant?,"Immunosuppressants like tacrolimus and cyclosporine can cause kidney toxicity, high blood pressure, high blood sugar, tremor, and increased susceptibility to infections and certain cancers.",side_effects
Can I take my AIIMS prescription to a Jan Aushadhi store?,"Pradhan Mantri Bharatiya Jan Aushadhi Kendras stock a wide range of generic medicines and can dispense against a valid prescription, often at significantly lower prices.",prescription
Is it safe to take vitamin D supplements without a doctor's advice?,Vitamin D supplements up to 2000 IU daily are generally safe without prescription but higher doses should only be taken under medical supervision to avoid toxicity.,otc_medicines
Can diuretics used for heart failure cause side effects?,"Loop diuretics like furosemide can cause low potassium, dehydration, dizziness, and elevated uric acid; regular blood tests monitor for these effects during long-term use.",side_effects
What is a drug interaction and how can I avoid harmful ones?,"A drug interaction occurs when one medicine changes the effect of another; inform every doctor and pharmacist of all medicines, supplements, and herbal preparations you are taking to allow screening.",general_queries
What are common side effects of proton pump inhibitors used long-term?,"Long-term PPI use can reduce magnesium and B12 absorption, increase risk of Clostridioides difficile infection, and may reduce calcium absorption affecting bone density over years.",side_effects
Can I take melatonin for sleep without a prescription in India?,Melatonin is not classified as OTC in India and requires a prescription; discuss sleep difficulties with a doctor who can advise on appropriate short-term management.,otc_medicines
How much does a standard course of antibiotics cost at a private pharmacy versus AIIMS?,A branded antibiotic course at a private pharmacy may cost two hundred to five hundred rupees while the same generic at AIIMS costs ten to fifty rupees under government procurement.,medicine_costs
What is a drug recall and what should I do if my medicine is recalled?,"A drug recall is a removal of a medicine from the market due to safety or quality concerns; check CDSCO alerts, stop using the recalled batch, and return it to the pharmacy for a replacement.",general_queries
Can I take medicines prescribed to me before an AIIMS operation on the day of surgery?,Some medicines should be continued on the morning of surgery and others stopped; always confirm with your AIIMS surgeon and anaesthetist which medicines to take and which to withhold.,general_queries
How do I know if a medicine I am taking can be safely crushed for a patient who cannot swallow?,"Ask the AIIMS pharmacist before crushing any tablet as modified-release, enteric-coated, and some other formulations must never be crushed; liquid alternatives can often be arranged.",general_queries
What should I do if I experience a severe allergic reaction to a medicine?,"Call 108 immediately, use an EpiPen if available, go to AIIMS casualty at 011-26589142, and provide the exact medicine name and dose to the emergency team.",side_effects
How do I know if I am experiencing a side effect from my medicine?,A side effect is any unwanted symptom that develops after starting a new medicine; compare your symptoms with the information leaflet and report to the AIIMS pharmacist or doctor.,side_effects
What is an inhaler technique check and can I get one at AIIMS?,An inhaler technique check involves a pharmacist or nurse observing how you use your inhaler and correcting any errors; this service is available through the AIIMS respiratory clinic.,general_queries
What are the skin-related side effects of antibiotics?,"Antibiotics commonly cause maculopapular rash; more serious reactions include urticaria, Stevens-Johnson syndrome, and drug hypersensitivity syndrome which require immediate medical attention.",side_effects
What is drug-induced hyponatraemia and which medicines cause it?,"Low sodium caused by medicines is most commonly seen with diuretics, SSRIs, and carbamazepine; symptoms include confusion, headache, and in severe cases seizures requiring urgent medical assessment.",side_effects
What does it mean when a medicine has a warning about driving?,"Medicines that impair concentration, cause drowsiness, or affect vision should not be taken before driving; this warning applies to antihistamines, opioids, benzodiazepines, and some anticonvulsants.",general_queries
Can medicines cause ringing in the ears as a side effect?,"Tinnitus or ringing in the ears can be caused by high-dose aspirin, aminoglycoside antibiotics, loop diuretics, and quinine; report any new hearing symptoms to your doctor promptly.",side_effects
Does AIIMS provide free immunosuppressant medicines for transplant patients?,Post-transplant immunosuppressants are provided at subsidised rates at AIIMS; for patients who cannot afford them the social work team and government schemes can assist with costs.,medicine_costs
Is paracetamol safe for adults to take without a doctor's advice?,Paracetamol is safe for most adults at the standard dose of 500mg to 1g every four to six hours up to a maximum of four grams per day but should not be used with alcohol or in liver disease.,otc_medicines
What is a withdrawal effect and how is it different from a side effect?,"A withdrawal effect occurs when a medicine is stopped abruptly after regular use and causes rebound symptoms, while a side effect occurs during use; never stop medicines like corticosteroids, SSRIs, or antiepileptics suddenly.",side_effects
What are combination tablets and are they as effective as taking each medicine separately?,Combination tablets contain two or more active ingredients in a fixed ratio and are clinically equivalent to the separate drugs while improving convenience and adherence.,prescription
Can I keep medicine in a car during the Delhi summer?,"Never store medicines in a car in summer as temperatures inside parked vehicles can exceed sixty degrees Celsius, rapidly degrading most medicines including tablets, capsules, and liquids.",general_queries
What are the common side effects of medicines used for osteoporosis?,"Bisphosphonates can cause oesophageal irritation if not taken correctly with a full glass of water while standing, and rarely cause jaw osteonecrosis or atypical femur fracture with very long-term use.",side_effects
What OTC options are available for managing mild insect bite reactions?,Antihistamine creams or oral antihistamines reduce itching and swelling from mild insect bites; calamine lotion is also soothing and safe OTC; seek medical care for bites showing signs of infection.,otc_medicines
What are the common side effects of injectable insulin?,"Insulin injection sites can develop lipohypertrophy if the same spot is used repeatedly; systemic effects include hypoglycaemia, weight gain, and occasional local redness or swelling.",side_effects
What is a medicine information leaflet and am I entitled to one?,Every licensed medicine must include a patient information leaflet inside the packaging; if one is missing ask the AIIMS pharmacist for a printed copy or explanation of the key points.,general_queries
What does it mean when a prescription says take with food?,Taking a medicine with food reduces stomach irritation for drugs like NSAIDs and metformin and also improves absorption for fat-soluble medicines; follow this instruction consistently.,prescription
How does AIIMS handle prescriptions for patients who cannot read?,The AIIMS pharmacist provides verbal counselling and may use pictorial label aids or a family interpreter to ensure patients who cannot read understand their dosing instructions.,prescription
Can diet affect how my medicine works?,"High-fibre diets can reduce absorption of some medicines, high-protein foods can reduce levodopa effectiveness, and high-vitamin K foods affect warfarin; always ask your pharmacist about food interactions.",general_queries
How much does a month's supply of metformin for diabetes cost at AIIMS?,Metformin is one of the most affordable diabetes medicines and typically costs between five and fifteen rupees for a monthly supply at the AIIMS pharmacy.,medicine_costs
What is a controlled substance prescription and how is it handled at AIIMS?,"Controlled substances such as opioids and benzodiazepines require a special prescription format, are dispensed in limited quantities, and are tracked to prevent misuse.",prescription
What does it mean when a prescription says PRN?,PRN is from the Latin pro re nata meaning as needed; it indicates the medicine should only be taken when required such as for pain or nausea rather than on a fixed schedule.,general_queries
Can fluoroquinolone antibiotics cause tendon problems?,Fluoroquinolones like ciprofloxacin and levofloxacin carry a risk of tendon inflammation and rupture especially in older patients and those on corticosteroids; stop the medicine and see a doctor if tendon pain develops.,side_effects
Can I use OTC hydrating IV sachets at home?,Oral rehydration sachets are the recommended home hydration treatment and IV fluids are never for home use; if oral intake is impossible go to AIIMS casualty for intravenous hydration.,otc_medicines
What is the difference between a side effect and an allergic reaction to a medicine?,"A side effect is a predictable pharmacological effect at normal doses while an allergic reaction involves the immune system and can be unpredictable, ranging from rash to life-threatening anaphylaxis.",side_effects
What is the maximum quantity of a medicine I can receive in one dispensing at AIIMS pharmacy?,"The dispensed quantity follows the prescription and institutional guidelines, usually covering a few days to one month for acute medicines and up to three months for stable chronic conditions.",prescription
Can a patient buy medicine in bulk from AIIMS to reduce the cost per unit?,AIIMS pharmacy dispenses according to the prescription duration and institutional guidelines; bulk purchase beyond prescription requirements is generally not permitted.,medicine_costs
What is a spacer device and how does it help with inhaler use?,A spacer is a chamber attached to a metered-dose inhaler that holds the medicine cloud so it can be inhaled slowly without needing perfect coordination between pressing and breathing.,general_queries
Can antihistamines cause difficulty urinating as a side effect?,Older sedating antihistamines with anticholinergic properties can cause urinary retention especially in older men with prostate problems; non-sedating types are safer in this group.,side_effects
Can children take aspirin-containing OTC medicines?,Aspirin must not be given to children under sixteen due to the risk of Reye's syndrome; paracetamol or ibuprofen are the appropriate OTC pain and fever relievers for children.,otc_medicines
What is a computerised prescription and how does AIIMS generate one?,"AIIMS uses a hospital information system to generate electronic prescriptions that are printed with the patient's details, medicines, doses, and doctor's digital signature to reduce handwriting errors.",prescription
Can statins cause muscle pain as a side effect?,Statins can cause muscle aches and in rare cases a serious condition called rhabdomyolysis; report any unexplained muscle pain or weakness to your doctor promptly.,side_effects
Can I buy the same medicine prescribed at AIIMS from a Jan Aushadhi store?,"Yes, Jan Aushadhi stores stock most medicines prescribed at AIIMS under their generic names at significantly lower prices with the same quality standards as hospital-dispensed drugs.",medicine_costs
Can I take herbal medicines alongside my AIIMS-prescribed medicines?,Herbal medicines can interact with prescription drugs; St John's Wort reduces the effectiveness of many medicines and Ayurvedic preparations may contain heavy metals; always inform your doctor.,general_queries
Can I take an OTC decongestant if I have high blood pressure?,Pseudoephedrine and phenylephrine decongestants can raise blood pressure and should be avoided by hypertensive patients; saline nasal rinses are a safer OTC alternative.,otc_medicines
What is the approximate cost of a full course of anti-TB treatment?,Under the government's free drug programme the full course of standard tuberculosis treatment is provided at no cost to the patient at AIIMS and government health facilities.,medicine_costs
How does the AIIMS pharmacy ensure medicines are stored correctly before dispensing?,"AIIMS pharmacy maintains monitored cold rooms for refrigerated medicines, ambient temperature-controlled dispensing areas, and regular stock rotation to ensure medicines are within expiry at the time of dispensing.",general_queries
What is a medicine safety data sheet and when would I need one?,A medicine safety data sheet provides detailed information on a substance's hazards and safe handling; it is primarily used in pharmaceutical manufacturing and occupational health rather than clinical dispensing.,general_queries
Can I bring medicines from abroad for personal use into India?,Travellers may bring a reasonable quantity of personal medicines into India with a valid prescription or doctor's letter; controlled substances require prior permission from the Narcotics Control Bureau.,general_queries
What is an intravenous medicine and how is it different from an oral tablet?,An intravenous medicine is given directly into a vein through a drip and acts faster than oral tablets; it is always administered by trained clinical staff in a medical setting.,prescription
What is a biosimilar medicine?,A biosimilar is a biological medicine that is highly similar to an already approved biological reference product and is generally used interchangeably with the original under medical supervision.,prescription
What OTC options are available for mild haemorrhoid symptoms?,Topical creams containing local anaesthetic or anti-inflammatory agents for mild haemorrhoid relief are available OTC; persistent or bleeding haemorrhoids require medical assessment.,otc_medicines
Why are some medicines available only as injections and not tablets?,Some medicines are broken down by the digestive system before they can be absorbed and must be injected to work; others need very rapid action or very precise blood levels only achievable by injection.,general_queries
Can I take B12 supplements without a prescription?,Vitamin B12 supplements are available OTC and are safe for most people; vegetarians and the elderly are at higher risk of deficiency and may benefit but should confirm with a blood test.,otc_medicines
What should I do if the AIIMS pharmacy does not have my prescribed medicine in stock?,"Ask the pharmacist to issue a shortage slip so you can source it from a licensed outside pharmacy, and inform your treating doctor who may suggest an available alternative.",prescription
Can I request a medicine reminder service to help me remember doses?,"Many pharmacy apps, AIIMS patient portal reminders, and simple pill organisers can help patients remember doses; the pharmacist can advise on the best system for your specific regimen.",general_queries
What are the ocular side effects of hydroxychloroquine?,Long-term hydroxychloroquine used for lupus and rheumatoid arthritis can cause maculopathy leading to irreversible vision loss; annual ophthalmological screening is mandatory for all patients on this drug.,side_effects
What is the difference between immediate release and extended release tablets?,Immediate release tablets release the full dose quickly while extended release tablets release medicine gradually over hours; extended release tablets must never be crushed as this releases the full dose at once.,general_queries
Can I take OTC sleeping tablets regularly without a prescription?,OTC sedating antihistamines used as sleep aids are not intended for regular use and can cause tolerance; discuss persistent sleep problems with a doctor for appropriate diagnosis and treatment.,otc_medicines
Can I collect a prescription on behalf of a patient who cannot come to the pharmacy?,A family member or authorised representative may collect medicines by presenting the original prescription and the patient's hospital ID along with their own identification.,prescription
What medicines commonly cause drowsiness as a side effect?,"Antihistamines, benzodiazepines, antiepileptics, opioid pain relievers, and some antidepressants commonly cause drowsiness; do not drive or operate machinery when taking these.",side_effects
What is the Ayushman Bharat scheme and does it cover medicine costs?,Ayushman Bharat PM-JAY covers inpatient treatment costs including medicines for eligible beneficiaries; AIIMS is empanelled for this scheme and the hospital helpdesk can assist with claims.,medicine_costs
What is a generic medicine and how does it differ from a branded drug?,A generic medicine contains the same active ingredient at the same dose as a branded drug but is sold under its chemical name and is usually significantly cheaper.,prescription
Can antidepressants cause weight gain?,Some antidepressants especially mirtazapine and tricyclics are associated with weight gain while others like fluoxetine may cause initial weight loss; discuss concerns with your psychiatrist.,side_effects
What OTC preparation helps with mild constipation in adults?,"Ispaghula husk sachets, lactulose solution, and glycerol suppositories are safe OTC options for occasional constipation in adults; increase fluid and fibre intake alongside any laxative.",otc_medicines
How should I read and understand the patient information leaflet inside my medicine box?,"Read the indications, correct dose, contraindications, side effects, storage instructions, and manufacturer contact; ask the AIIMS pharmacist to explain any terms you do not understand.",general_queries
Can I buy medicines at a discount from unlicensed online sources?,"Never buy medicines from unlicensed sources as they may be counterfeit, substandard, or contain harmful substitutes; only use licensed pharmacies with a valid drug retailer licence.",general_queries
What OTC antidiarrhoeal medicines are available in India?,Loperamide tablets are available OTC for adults with non-infectious diarrhoea; ORS is the first-line treatment for dehydration and antibiotics for bacterial causes require a prescription.,otc_medicines
Can I request my AIIMS prescription to be written in English if the original is in Hindi?,Prescriptions at AIIMS are typically written in English using standard medical abbreviations; ask the treating doctor to clarify any notation you cannot read before leaving the clinic.,prescription
Can anticoagulants like heparin cause a low platelet count?,Heparin-induced thrombocytopenia is a serious immune-mediated reaction causing low platelets and paradoxically increased clotting; platelet counts are monitored during heparin therapy.,side_effects
How do I take a medicine that says take twice daily â morning and night or twelve hours apart?,Twice daily ideally means every twelve hours for most medicines; morning and night is acceptable for most but for antibiotics and antivirals maintaining equal spacing maximises effectiveness.,general_queries
What financial help is available for patients needing expensive HIV second-line treatment?,Second-line antiretrovirals are covered under the NACO free ART programme and AIIMS facilitates access to all lines of HIV treatment at no cost for registered patients.,medicine_costs
What is a narrow therapeutic index drug and why does it require careful dosing?,A narrow therapeutic index drug like warfarin or digoxin has a small difference between effective and toxic doses so slight over or under dosing can cause serious harm.,prescription
What is the correct technique for giving nasal drops to an infant or toddler?,"Swaddle the infant, tilt the head back gently over your lap, instil the prescribed number of drops into each nostril, and keep the head tilted back for sixty seconds to allow the drops to reach the nasal passages.",general_queries
What should I do if a child accidentally takes an adult dose of a prescribed medicine?,"Call the AIIMS Poison Centre at 011-26589391 or 108 immediately, note the medicine name, dose, and time, and go to AIIMS casualty without delay.",prescription
Can a pharmacist prescribe medicines independently in India?,Indian pharmacists are not currently authorised to prescribe independently; prescribing is restricted to registered medical practitioners though pharmacist prescribing rights are under policy discussion.,general_queries
Are expensive biologic medicines available at AIIMS at reduced cost?,"AIIMS participates in government biosimilar procurement and some biologics for rheumatoid arthritis, cancer, and inflammatory bowel disease are available at reduced rates compared to branded originals.",medicine_costs
Can medicines cause abnormal liver function test results without symptoms?,"Many medicines including statins, anti-TB drugs, and paracetamol in excess can raise liver enzymes without causing symptoms; this is why baseline and periodic liver function tests are part of monitoring.",side_effects
Can I refill a prescription at AIIMS without seeing the doctor if I have not missed any appointments?,Prescription refills at AIIMS require a current prescription from the treating doctor; for stable long-term patients a brief review appointment can often be scheduled alongside the refill.,prescription
How do I know if a medicine I bought at a pharmacy is genuine and not counterfeit?,"Buy medicines only from licensed pharmacies with a visible drug licence, check the packaging for holograms, batch numbers, and manufacturer details, and report suspicious medicines to the drug controller.",general_queries
What are the common side effects of chemotherapy drugs?,"Common chemotherapy side effects include nausea, vomiting, hair loss, fatigue, mouth sores, increased infection risk, and peripheral neuropathy; effects vary by drug and protocol.",side_effects
What is the approximate monthly cost of diabetes management medicines at AIIMS?,"A standard diabetes regimen using metformin, glipizide, and aspirin at AIIMS may cost as little as twenty to sixty rupees per month for a patient paying subsidised rates.",medicine_costs
Are orphan medicines for rare diseases subsidised in any way at AIIMS?,The Indian government's rare disease policy provides financial assistance for select rare disease medicines and AIIMS facilitates access through the Rashtriya Arogya Nidhi and disease-specific grants.,medicine_costs
What are the side effects of long-term painkiller use?,"Long-term NSAID use can cause stomach ulcers, kidney damage, and cardiovascular risk; opioid pain relievers cause constipation, dependence, and tolerance requiring dose escalation over time.",side_effects
Can I take OTC antacids while on a prescribed proton pump inhibitor?,Using OTC antacids alongside a prescribed proton pump inhibitor is generally safe for breakthrough symptoms but discuss with your doctor if you need both regularly as the underlying cause should be investigated.,otc_medicines
Can I get a cost estimate for my entire treatment including medicines before starting at AIIMS?,The AIIMS billing office and the social work team can provide an estimated cost breakdown for planned treatment and medicines and can identify applicable government scheme benefits.,medicine_costs
Are medicines dispensed at the AIIMS pharmacy free of charge for all patients?,AIIMS provides free medicines to BPL cardholders and economically weaker section patients; other patients pay at nominal government-subsidised rates well below market prices.,medicine_costs
What is a therapeutic drug monitoring test and when is it prescribed?,Therapeutic drug monitoring measures the concentration of a medicine in the blood to confirm it is within the effective range; it is used for narrow therapeutic index drugs like phenytoin and vancomycin.,prescription
What is a loading dose and why is it sometimes prescribed?,A loading dose is a higher initial dose given to rapidly reach therapeutic levels in the blood before continuing with the standard maintenance dose thereafter.,prescription
What is meant by the therapeutic window of a medicine?,The therapeutic window is the range of concentrations in the blood that is effective without causing toxicity; monitoring is critical for drugs with a narrow window such as vancomycin and digoxin.,general_queries
What side effects should I monitor when taking blood thinners like warfarin?,"Warn your doctor of unusual bruising, prolonged bleeding from cuts, blood in urine or stools, severe headache, or vision changes which may indicate dangerous bleeding on warfarin.",side_effects
What is the cost of a standard antibiotic course at the AIIMS pharmacy?,"Government-procured antibiotics at AIIMS are dispensed at subsidised prices, often a fraction of market rates; a typical amoxicillin course may cost between five and twenty rupees at the hospital pharmacy.",medicine_costs
Can the AIIMS pharmacist advise me on traditional Ayurvedic versus allopathic treatment?,The AIIMS pharmacist specialises in evidence-based allopathic medicines; for Ayurvedic options the AIIMS AYUSH unit or a registered Ayurvedic practitioner is the appropriate resource.,general_queries
Is zinc supplement safe to take OTC for immunity?,Zinc at recommended daily doses of eight to eleven milligrams for adults is safe OTC and may reduce cold duration; high doses above forty milligrams daily can cause toxicity and should be avoided.,otc_medicines
What is a placebo and does it have a role in treatment?,A placebo is an inactive preparation given in clinical trials as a comparison; the placebo effect is a real psychological and physiological response that can improve symptoms even without active medicine.,general_queries
Are vitamins and nutritional supplements dispensed free at AIIMS?,Essential vitamins and supplements prescribed by an AIIMS doctor for a clinical deficiency are dispensed at subsidised rates; general wellness supplements are typically self-funded.,medicine_costs
Can I use OTC saline nasal spray safely in newborns?,Plain preservative-free saline nasal drops are safe for newborns and infants for nasal congestion; medicated decongestant sprays must never be used in children under six.,otc_medicines
Can I buy nicotine replacement therapy products without a prescription?,"Nicotine patches, gum, and lozenges are available OTC as part of smoking cessation support and AIIMS also offers a dedicated de-addiction programme for counselling alongside pharmacotherapy.",otc_medicines
Can I get a prescription medicine dispensed in an emergency without seeing a doctor?,In a genuine emergency the casualty team at AIIMS can assess and prescribe; pharmacies cannot dispense prescription medicines without a valid prescription.,prescription
How do food interactions affect medicine absorption?,"Food can slow, speed up, or block medicine absorption depending on the drug; fatty food helps some medicines absorb better while dairy or high-fibre foods can block certain antibiotics.",general_queries
Can I use the same needle for insulin injections more than once?,"Insulin needles are designed for single use; reusing them increases pain, reduces precision, and raises the risk of infection and lipohypertrophy at injection sites.",general_queries
How do I know if a medicine I am being prescribed is approved in India?,Check whether the medicine has a valid CDSCO approval number on the packaging; the AIIMS formulary includes only approved medicines and the pharmacist can confirm regulatory status if needed.,general_queries
What is the shelf life of OTC paracetamol tablets and how should they be stored?,Paracetamol tablets typically have a shelf life of two to five years from manufacture; store in a cool dry place away from moisture and direct light and never use after the printed expiry date.,otc_medicines
"What is the difference between a tablet, capsule, and caplet?","A tablet is compressed powder, a capsule is powder or liquid enclosed in a gelatin shell, and a caplet is a film-coated oval tablet; all can contain the same active medicine in different forms.",general_queries
What is the difference between an acute medicine and a chronic medicine?,An acute medicine is taken for a short defined period to treat an immediate illness while a chronic medicine is taken long-term on an ongoing basis to manage a persistent condition.,general_queries
What is the pharmacist's legal obligation when dispensing medicines at AIIMS?,"The AIIMS pharmacist is legally required to dispense only against valid prescriptions, verify patient identity for controlled drugs, counsel patients on correct use, and maintain dispensing records.",general_queries
What should I tell the pharmacist when collecting my first prescription?,"Tell the pharmacist about any known allergies, all other medicines you take including supplements, any medical conditions you have, and whether you are pregnant or breastfeeding.",prescription
What is the recommended folic acid dose before and during pregnancy?,Women planning pregnancy should take 400 micrograms of folic acid daily before conception and for the first twelve weeks; women with a history of neural tube defects need five milligrams on prescription.,otc_medicines
What is an adverse drug reaction and how do I report one?,"An adverse drug reaction is an unintended harmful response to a medicine; report it to the prescribing doctor, the AIIMS pharmacist, and the national pharmacovigilance programme at 1800-180-3024.",prescription
What are the common side effects of antiretroviral medicines for HIV?,"First-line antiretrovirals may cause nausea, headache, fatigue, and occasionally skin rash in early weeks; liver toxicity, lipid changes, and kidney effects are monitored long-term.",side_effects
Are throat lozenges with antiseptic effective OTC remedies?,Throat lozenges containing local anaesthetics or antiseptics provide temporary symptomatic relief for mild sore throat but do not treat bacterial infection; see a doctor if fever or severe pain develops.,otc_medicines
What is a drug-induced liver injury and how is it identified?,"Drug-induced liver injury can be caused by many medicines including paracetamol overdose, statins, anti-TB drugs, and herbal preparations; it is identified by elevated liver enzymes on blood tests.",side_effects
Is magnesium supplement available OTC and what is it used for?,"Magnesium supplements are widely available OTC and are used for leg cramps, constipation relief as magnesium hydroxide, and as nutritional support; high doses can cause diarrhoea.",otc_medicines
What is the difference between government procurement price and maximum retail price of a medicine?,Government procurement price is the heavily discounted bulk purchase price paid by institutions like AIIMS while the maximum retail price is the ceiling price charged to individual consumers at pharmacies.,medicine_costs
Are OTC pain gels as effective as oral pain tablets for joint pain?,Topical NSAIDs like diclofenac gel can be as effective as oral tablets for localised joint pain with less systemic side effects and are a good first choice for osteoarthritis of accessible joints.,otc_medicines
What does a child's maximum daily paracetamol dose depend on?,"A child's maximum paracetamol dose is based on body weight, calculated at fifteen milligrams per kilogram per dose up to five doses in twenty-four hours; never exceed sixty milligrams per kilogram per day.",otc_medicines
Can I give my prescription medicine to another family member who has the same condition?,"Never share prescription medicines as dosing, contraindications, drug interactions, and underlying conditions differ between individuals and sharing can cause serious harm.",general_queries
Can I get my prescription medicines covered under CGHS at AIIMS?,Central Government Health Scheme beneficiaries can access medicines at AIIMS at CGHS-approved rates and the AIIMS CGHS facilitation desk can assist with documentation.,medicine_costs
Can I take my medicines when I have a stomach upset?,Some medicines like paracetamol and iron can still be taken with food during mild stomach upset; for severe vomiting consult the AIIMS pharmacist as absorption may be impaired.,general_queries
How long is a prescription from AIIMS valid for collection?,"Most AIIMS prescriptions are valid for a defined period noted on the slip, typically seven to thirty days, after which a fresh prescription must be obtained from the treating doctor.",prescription
What is a once-weekly medicine and what special instructions apply?,Once-weekly medicines like alendronate for osteoporosis must be taken on the same day each week with specific instructions such as taking on an empty stomach and remaining upright for thirty minutes afterwards.,general_queries
What is the role of the AIIMS clinical pharmacist in patient care?,"The AIIMS clinical pharmacist works alongside doctors to review prescriptions, advise on drug selection and doses, monitor for side effects, and educate patients on correct medicine use.",prescription
Can psychiatric medicines cause diabetes as a side effect?,Certain atypical antipsychotics including olanzapine and clozapine increase the risk of type 2 diabetes through insulin resistance and weight gain; fasting blood glucose is monitored routinely.,side_effects
Can medicines cause peripheral oedema and which ones are most commonly responsible?,"Amlodipine and other dihydropyridine calcium channel blockers, pregabalin, and NSAIDs commonly cause ankle swelling through different mechanisms; this should be reported to the prescribing doctor.",side_effects
Can lithium cause side effects that indicate toxicity?,"Signs of lithium toxicity include coarse tremor, confusion, slurred speech, nausea, and seizures; these require urgent medical assessment as lithium has a narrow therapeutic window.",side_effects
What are the side effects of long-term steroid use?,"Long-term steroid use can cause weight gain, elevated blood sugar, osteoporosis, high blood pressure, cataracts, skin thinning, and increased susceptibility to infection.",side_effects
What is the difference between a Schedule H and a Schedule H1 drug in India?,Schedule H drugs require a prescription and are not available OTC while Schedule H1 drugs are additional restrictions covering drugs with a higher potential for misuse or dependence.,otc_medicines
Can antifungal medicines interact with other drugs and cause side effects?,"Azole antifungals like fluconazole are strong inhibitors of liver enzymes and can significantly increase the blood levels of statins, warfarin, and many other medicines leading to toxicity.",side_effects
What is a nocebo effect and how does it relate to medicine side effects?,The nocebo effect is when negative expectations cause a patient to experience side effects simply from believing they will occur; it can make distinguishing true pharmacological effects difficult.,side_effects
What is a medication reconciliation and when does AIIMS perform it?,"Medication reconciliation compares a patient's current medicines with new prescriptions at admission, transfer, and discharge to identify and resolve any discrepancies or omissions.",prescription
What should I do if I suspect the pharmacist dispensed the wrong medicine?,"Do not take the medicine; return to the AIIMS pharmacy immediately, show the prescription alongside the dispensed medicine, and the pharmacist will verify and correct the dispensing.",prescription
What is a paediatric formulation and why is it different from an adult medicine?,"Paediatric formulations are specially developed for children with age-appropriate doses, acceptable taste, and safe excipients; adult tablets must never be split to approximate a child's dose without pharmacist advice.",general_queries
What are common side effects of ACE inhibitors used for blood pressure?,"ACE inhibitors frequently cause a persistent dry cough; other side effects include dizziness on standing, elevated potassium levels, and rarely angioedema of the face or throat.",side_effects
Can NSAIDs like ibuprofen cause kidney damage?,"Long-term or high-dose NSAID use can impair kidney function, particularly in people who are dehydrated, elderly, or have existing kidney or heart disease.",side_effects
What should I do if my medicine changes colour or smell?,"A change in colour, smell, or texture may indicate degradation; do not take the medicine, return it to the pharmacy, and obtain a fresh supply with a new dispensing date.",general_queries
Are free medicines available for tuberculosis patients at AIIMS?,Under the Revised National Tuberculosis Control Programme all anti-TB medicines are provided free to diagnosed patients at AIIMS and government health facilities across India.,medicine_costs
What does sublingual administration mean?,Sublingual means placing the medicine under the tongue where it dissolves directly into the bloodstream without going through the digestive system; common examples include nitroglycerine for angina.,general_queries
Does AIIMS offer any concession on medicine costs for senior citizens?,Senior citizen concessions on medicine costs vary by government policy and the AIIMS billing office or social worker can advise on current applicable discounts or free medicine schemes.,medicine_costs
Can I get a discharge prescription filled at any pharmacy in Delhi?,A valid AIIMS discharge prescription can be taken to any licensed retail pharmacy in Delhi; Jan Aushadhi stores offer the same generic medicines at the lowest available prices.,prescription
Can a medicine cause hair loss as a side effect?,"Certain medicines including chemotherapy drugs, blood thinners, antithyroid drugs, and some antidepressants can cause hair thinning or loss; discuss with your doctor if this occurs.",side_effects
What does a medicine's half-life mean for how I should take it?,A medicine's half-life is the time it takes for the concentration in the blood to halve; longer half-life medicines can be taken less frequently while shorter half-life drugs require more regular dosing.,prescription
How are liquid medicines measured and dispensed at the pharmacy?,"Liquid medicines are measured in millilitres and dispensed with a measuring spoon, oral syringe, or dosing cup; always use the measuring device provided rather than a household spoon.",prescription
Can antipsychotic medicines cause movement disorders?,"Antipsychotics can cause extrapyramidal side effects including akathisia, dystonia, Parkinsonism, and tardive dyskinesia with long-term use; report any involuntary movements to the psychiatrist.",side_effects
What is a BPL card and how does it help with medicine costs at AIIMS?,A Below Poverty Line card entitles the holder to free medicines at AIIMS and other government hospitals as part of the national free drug policy for economically weaker patients.,medicine_costs
Can taking medicines during pregnancy cause birth defects?,Some medicines are teratogenic meaning they can harm the developing fetus; always inform your doctor if you are pregnant or planning pregnancy before starting any new medicine.,side_effects
Can a doctor at AIIMS prescribe medicines for a chronic condition in advance for three months?,Doctors may issue repeat prescriptions for stable chronic conditions covering up to ninety days' supply and this depends on the clinical assessment at the time of consultation.,prescription
What is a pharmacist-initiated prescription change and when can it occur?,A pharmacist may suggest a therapeutic substitution with prescriber agreement when the prescribed medicine is unavailable; the substitution must be clinically equivalent and documented.,prescription
What is the difference between a drug allergy and a drug intolerance?,A drug allergy involves an immune response and can be life-threatening while a drug intolerance is a non-immune adverse reaction such as stomach upset that is uncomfortable but not dangerous.,general_queries
Can a patient request a specific brand of medicine when filling a prescription?,Patients may express a brand preference but dispensing is subject to availability and the treating doctor's approval; at government pharmacies generic dispensing is the standard practice.,prescription
What is a patient assistance programme for expensive medicines?,Patient assistance programmes are run by pharmaceutical companies to provide free or reduced-cost medicines to patients who cannot afford them; the AIIMS social worker can assist with applications.,medicine_costs
How do I renew a prescription for a long-term medication at AIIMS?,Visit the relevant outpatient department before your current supply runs out and the doctor will assess your condition and issue a fresh prescription if the treatment is still required.,prescription
What side effects are associated with oral contraceptive pills?,"Common side effects include nausea, breast tenderness, mood changes, and spotting between periods; rare but serious effects include blood clots and stroke, particularly in smokers over thirty-five.",side_effects
What OTC product is recommended for dry cracked heels in India?,Urea-based foot creams at ten to twenty-five percent concentration are available OTC and are effective for dry cracked skin; apply after washing feet and cover with cotton socks overnight.,otc_medicines
How can I find out the exact price of a medicine before going to the AIIMS pharmacy?,The AIIMS pharmacy notice board and the government drug price control list display the maximum retail price and subsidised rates; you can also ask the pharmacist for a price estimate.,medicine_costs
What should I do if I realise I took my medicine twice by mistake?,"Call the AIIMS Poison Centre at 011-26589391 or your treating doctor, note the medicine name and total dose taken, rest quietly, and go to casualty if you feel unwell or faint.",prescription
What is the maximum retail price printed on a medicine and is it negotiable?,The maximum retail price printed on a medicine is the highest legally permitted price; pharmacies cannot charge above this but may sell below it and Jan Aushadhi stores consistently do so.,medicine_costs
What is the difference between a preventive medicine and a curative medicine?,Preventive medicines reduce the risk of a disease occurring such as statins or vaccines while curative medicines treat an active disease condition.,general_queries
What does contraindicated mean on a drug label?,"Contraindicated means the medicine must not be used in a specific situation such as in pregnancy, with another drug, or in a particular disease because the risk of serious harm is too high.",general_queries
Can I use a prescription issued by a doctor outside AIIMS at the AIIMS pharmacy?,The AIIMS pharmacy primarily dispenses medicines against AIIMS-issued prescriptions and external prescriptions may not be accepted unless specifically authorised.,prescription
How does AIIMS handle medicines for patients who are discharged?,On discharge patients receive a take-home supply of essential medicines with a written prescription and counselling on how to take them and where to refill the supply after leaving hospital.,prescription
How do I store prescription medicines that require refrigeration?,"Keep refrigerated medicines between two and eight degrees Celsius in the main body of the refrigerator, not in the door shelf, and never freeze unless specifically instructed.",prescription
What is the correct procedure for returning unwanted medicines to the AIIMS pharmacy?,Return unused medicines to the AIIMS pharmacy where they are segregated for biomedical waste disposal according to the hospital's pharmaceutical waste management protocol.,general_queries
What is the difference between tolerance and dependence in medicine use?,Tolerance means the same dose produces less effect over time requiring higher doses while dependence means the body needs the drug to function normally and withdrawal causes symptoms.,side_effects
What are the common side effects of anti-tuberculosis treatment?,"Standard TB treatment can cause liver toxicity, peripheral neuropathy, vision changes, skin reactions, and orange discolouration of urine and sweat; regular monitoring is mandatory.",side_effects
What is the cost of paracetamol at the AIIMS pharmacy compared to a retail pharmacy?,Paracetamol at AIIMS may cost as little as one to two rupees per strip of ten tablets compared to ten to twenty rupees at retail pharmacies for branded versions.,medicine_costs
What is the difference between prophylactic and therapeutic medicine use?,Prophylactic use prevents a condition from occurring such as antimalarials before travel while therapeutic use treats an existing condition; the dose and duration may differ between these contexts.,general_queries
Does AIIMS have any scheme for patients who run out of medicine and cannot pay?,The AIIMS Medical Superintendent's office and social work department can assist patients in acute financial need to access emergency medicine supplies through institutional welfare funds.,medicine_costs
Can I get oral rehydration salts without a prescription?,ORS sachets are freely available at all pharmacies in India without a prescription and should be used as the first treatment for diarrhoea and dehydration in children and adults.,otc_medicines
Are medicines for rare diseases expensive and is there any support at AIIMS?,"Medicines for rare diseases can be extremely costly and AIIMS works with the Ministry of Health, patient advocacy groups, and pharmaceutical company patient assistance programmes to reduce access barriers.",medicine_costs
What does the instruction avoid grapefruit with this medicine mean?,"Grapefruit juice inhibits a liver enzyme that metabolises many medicines including statins, calcium channel blockers, and some immunosuppressants, leading to higher than intended drug levels.",general_queries
What is the difference between prophylaxis and treatment in antibiotic use?,Antibiotic prophylaxis uses a short course before a procedure to prevent infection while treatment uses a full therapeutic course to eliminate an existing infection.,general_queries
Can I buy oral contraceptive pills over the counter in India?,Emergency contraceptive pills like levonorgestrel are available OTC while regular combined oral contraceptives require a prescription from a gynaecologist.,otc_medicines
What are the common side effects of metformin used for diabetes?,"Metformin commonly causes nausea, stomach pain, diarrhoea, and metallic taste especially when first started; these usually improve after a few weeks and taking it with food helps.",side_effects
What should I do if an OTC medicine makes me feel worse?,"Stop taking the medicine, contact the AIIMS pharmacy helpdesk or outpatient department for advice, and seek immediate medical attention if the reaction is severe such as difficulty breathing or swelling.",otc_medicines
What is the difference between paracetamol and ibuprofen?,Paracetamol is a pain reliever and fever reducer safe for most people while ibuprofen is an anti-inflammatory that reduces swelling and fever but can irritate the stomach and affect kidneys.,otc_medicines
What OTC medicine helps with muscle pain after exercise?,Diclofenac or ibuprofen gel applied topically is effective for localised muscle soreness and is available OTC; oral NSAIDs are also available but should be taken with food.,otc_medicines
Are cough syrups safe to buy OTC in India?,Simple expectorant syrups containing guaifenesin are safe OTC options; avoid combination cough syrups with multiple ingredients in children and consult a doctor if cough persists beyond two weeks.,otc_medicines
"What is the difference between a pharmacist, a druggist, and a chemist in India?",In India chemist and druggist are common terms for a licensed pharmacy; pharmacist refers specifically to the qualified professional holding a pharmacy degree who supervises the dispensing.,general_queries
What is a medicine's mechanism of action?,"A mechanism of action describes how a medicine produces its effect in the body at a molecular or cellular level, for example aspirin inhibits prostaglandin synthesis to reduce pain and inflammation.",general_queries
How much can a patient save by getting their asthma inhaler at AIIMS versus a private pharmacy?,"A generic salbutamol inhaler at AIIMS may cost twenty to forty rupees compared to one hundred and fifty to two hundred rupees for branded equivalents at private pharmacies, a saving of up to eighty percent.",medicine_costs
What should I do if I miss a dose of a prescribed medicine?,"Take the missed dose as soon as you remember unless it is almost time for the next one, in which case skip it and resume the regular schedule without doubling up.",prescription
Can antidepressants cause increased suicidal thoughts when first started?,SSRIs and SNRIs carry a warning that they may increase suicidal ideation particularly in young people in the first few weeks of treatment; close monitoring is essential during this period.,side_effects
Can students at AIIMS access subsidised medicines through the hospital?,AIIMS students and staff have access to the hospital pharmacy at the same subsidised government rates as patients and can use the hospital facilities for their healthcare needs.,medicine_costs
What is polypharmacy and why is it a concern for elderly patients at AIIMS?,"Polypharmacy is the concurrent use of five or more medicines and increases the risk of drug interactions, side effects, and non-adherence especially in elderly patients with multiple conditions.",prescription
Can certain medicines cause photosensitive rash when exposed to the Indian sun?,"Tetracyclines, sulphonamides, amiodarone, and some diuretics can cause exaggerated sunburn on exposed skin; wear protective clothing and sunscreen while taking these medicines.",side_effects
Can progestin-only contraceptives cause irregular bleeding?,Irregular or unpredictable bleeding is the most common side effect of progestin-only pills and injections and usually settles over time; seek medical advice if bleeding is very heavy or prolonged.,side_effects
What is a medicine concordance review?,A concordance review is a consultation with the AIIMS pharmacist or doctor to identify why a patient is not taking medicines as prescribed and to find practical solutions that fit their lifestyle and concerns.,general_queries
What is Stevens-Johnson syndrome and which medicines can cause it?,"Stevens-Johnson syndrome is a rare severe skin reaction causing blistering and peeling of skin and mucous membranes; it can be triggered by sulphonamides, allopurinol, carbamazepine, and some NSAIDs.",side_effects
Can I use a topical antifungal cream without a prescription?,"Clotrimazole and miconazole creams for mild fungal infections of the skin are available OTC and can be applied twice daily for two to four weeks, but scalp or nail infections require prescription treatment.",otc_medicines
Can I use OTC eardrops for ear pain without seeing a doctor?,Ear drops containing olive oil or glycerine are safe OTC for earwax; do not use antibiotic or steroid eardrops without a prescription or use any drops if you suspect a perforated eardrum.,otc_medicines
What OTC preparation helps with teething pain in infants?,Teething gels containing lidocaine are available but should be used sparingly in infants; paracetamol suspension at the correct weight-based dose is the preferred OTC option for teething pain.,otc_medicines
Are probiotic supplements available without a prescription in India?,"Probiotic supplements are widely available OTC in India and are generally safe for adults, often used alongside antibiotics to reduce gastrointestinal side effects.",otc_medicines
What is the ESIC scheme and does it cover medicine costs for workers?,The Employees State Insurance Corporation scheme covers medicine costs for insured workers and AIIMS is an ESIC-empanelled hospital for specialist referrals and treatment.,medicine_costs
What is the best OTC medicine for a common cold in India?,"There is no cure for the common cold but paracetamol for fever, saline nasal drops, and oral rehydration salts for hydration are safe OTC options; antibiotics are not effective for viral colds.",otc_medicines
What OTC medicine can I take for acidity and heartburn?,Antacids containing magnesium hydroxide or aluminium hydroxide provide quick relief from acidity and are available OTC; proton pump inhibitors like omeprazole require a prescription for long-term use.,otc_medicines
Can I keep medicines in the bathroom cabinet?,"Bathrooms are humid and warm which degrades medicines quickly; store all medicines in a cool dry place away from sunlight in their original packaging, and keep them out of reach of children.",general_queries
Can I request a larger print medication label from the AIIMS pharmacy?,Patients with visual impairment can request enlarged labels and the pharmacist can also provide written instructions in a larger font or explain the regimen verbally in detail.,prescription
How much do common blood pressure medicines cost at the AIIMS pharmacy?,"First-line antihypertensives like amlodipine, enalapril, and atenolol are available at AIIMS at two to ten rupees per strip, representing significant savings over branded retail prices.",medicine_costs
What is bioequivalence and why does it matter when switching medicines?,Bioequivalence means two formulations deliver the same amount of active drug to the bloodstream at the same rate; generics must prove bioequivalence to the original before approval.,general_queries
Can I purchase medicines online and are they as safe as those from AIIMS?,Medicines must only be purchased from licensed online pharmacies registered with the state drug controller; AIIMS-quality government-procured medicines meet central quality standards.,medicine_costs
Why do some medicines need to be taken at the same time every day?,"Consistent timing maintains a steady concentration of the medicine in the blood which is especially important for antiepileptics, thyroid medicines, and HIV antiretrovirals.",general_queries
Can the AIIMS pharmacist identify a medicine brought in by a patient with no label?,"The pharmacist may be able to identify tablets by their imprint code, colour, and shape using pharmaceutical identification resources but cannot guarantee identification of all unmarked medicines.",general_queries
What is a black box warning on a medicine?,A black box warning is the most serious FDA or CDSCO level of drug safety warning indicating that clinical studies show the medicine carries significant risk of serious or life-threatening effects.,side_effects
What medicines are covered under the Essential Medicines List at AIIMS?,The National List of Essential Medicines includes over four hundred medicines covering all major disease areas and forms the basis of the AIIMS formulary for subsidised dispensing.,medicine_costs
What should I do if I spill liquid medicine before taking my dose?,Note the spilled amount and calculate whether you received any of the dose; if significant medicine was lost contact the AIIMS pharmacy for advice on whether an additional dose should be taken.,general_queries
What OTC antihistamine is least likely to cause drowsiness?,Cetirizine and loratadine are the least sedating OTC antihistamines available in India and are suitable for daytime use without significantly impairing concentration or driving ability.,otc_medicines
Can I take two different prescriptions from two different doctors at the same time?,"Always inform each doctor about all other medicines you are taking as drug interactions can be dangerous, and a pharmacist can screen for interactions when dispensing.",prescription
What is bioavailability and why does it matter for how medicines work?,Bioavailability is the proportion of a medicine dose that reaches the bloodstream in active form; it varies between formulations and routes of administration and affects the required dose.,general_queries
Are calcium supplements safe to buy OTC without a doctor's recommendation?,Standard calcium supplements are widely available OTC and are generally safe; high doses above 1500mg daily can increase kidney stone risk and should only be taken on medical advice.,otc_medicines
Can I buy antihistamines over the counter for allergy in India?,Cetirizine and loratadine are available OTC in India for mild allergic symptoms like sneezing and itching; sedating antihistamines like chlorphenamine are also available but cause drowsiness.,otc_medicines
What is a patient medication record and does AIIMS maintain one?,A patient medication record is a log of all medicines dispensed to a patient and AIIMS maintains this digitally to support safe prescribing and avoid duplicate dispensing.,prescription
Why do some medicines come with a do not refrigerate instruction when others must be refrigerated?,Some medicines degrade in cold temperatures or change texture when chilled; always follow the storage instructions on the label as incorrect storage can reduce potency or cause harm.,general_queries
Can I split or crush a tablet if I have difficulty swallowing?,"Only split or crush tablets that are not extended-release, enteric-coated, or marked as modified-release; ask the pharmacist before altering any tablet form.",prescription
Can I use antiseptic solution on wounds without medical advice?,Povidone iodine or diluted hydrogen peroxide may be applied to minor clean wounds; avoid strong antiseptics on deep or puncture wounds and seek medical advice for wounds that do not heal.,otc_medicines
What is pharmacokinetics and why does it matter to my treatment?,"Pharmacokinetics describes how the body absorbs, distributes, metabolises, and excretes a medicine; it determines the correct dose and dosing frequency for each individual patient.",general_queries
What happens if I present an altered or forged prescription at the AIIMS pharmacy?,Presenting an altered or forged prescription is a criminal offence; the pharmacist is trained to detect alterations and will refuse dispensing and may report the incident to hospital security.,prescription
What is the cost of epilepsy medicines at AIIMS for a patient on a fixed regimen?,Standard antiepileptics at AIIMS cost between five and thirty rupees per month depending on the drug; patients on stable long-term therapy pay very little compared to private pharmacy prices.,medicine_costs
What are the common side effects of medicines used for Parkinson's disease?,"Levodopa and dopamine agonists can cause nausea, dizziness, hallucinations, involuntary movements, and orthostatic hypotension especially at higher doses or early in treatment.",side_effects
Can calcium channel blockers cause ankle swelling?,Amlodipine and other calcium channel blockers commonly cause ankle swelling due to peripheral vasodilation; this is not dangerous but can be bothersome and should be discussed with the doctor.,side_effects
Can eye drops cause systemic side effects?,"Yes, eye drops can be absorbed into the bloodstream; beta-blocker eye drops for glaucoma can cause reduced heart rate and breathing problems in susceptible patients.",side_effects
Can diabetes medicines cause hypoglycaemia?,"Insulin and sulphonylureas like glibenclamide can cause low blood sugar; symptoms include sweating, trembling, hunger, and confusion and should be treated immediately with glucose.",side_effects
What is the Pradhan Mantri Jan Aushadhi Scheme and how does it reduce medicine costs?,The PM Jan Aushadhi Scheme provides quality generic medicines at up to ninety percent below branded rates through over ten thousand Jan Aushadhi Kendras across India.,medicine_costs
Can I use clotrimazole vaginal tablets without a prescription?,Clotrimazole vaginal pessaries for uncomplicated thrush are available OTC for adult women; recurring or atypical symptoms should be assessed by a doctor before self-treatment.,otc_medicines
What does it mean when a medicine is described as first-line or second-line treatment?,"First-line treatment is the standard recommended initial therapy for a condition while second-line medicines are used when the first-line fails due to side effects, resistance, or inadequate response.",general_queries
Can antihypertensive medicines cause a first-dose hypotension effect?,"Some antihypertensives particularly alpha-blockers and ACE inhibitors can cause a sharp drop in blood pressure after the first dose especially on standing, causing dizziness or fainting.",side_effects
How are medicines for children dosed differently from adults?,Paediatric doses are usually calculated by body weight or surface area rather than fixed amounts and the pharmacist or doctor will calculate the appropriate dose for the child's size.,general_queries
Is aspirin safe to take without a prescription?,Low-dose aspirin for heart protection must only be used under doctor supervision; standard aspirin for pain is available OTC but should be avoided by children under sixteen and in stomach ulcer patients.,otc_medicines
Does the AIIMS pharmacy charge for dispensing or only for the medicine?,The AIIMS pharmacy charges only for the medicine itself at government-subsidised rates and does not levy separate dispensing fees as is common in private pharmacy settings.,medicine_costs
How do I collect a prescription medicine from the AIIMS pharmacy?,"Take your prescription slip to the AIIMS outpatient pharmacy counter, present your patient ID, and the pharmacist will dispense the medication after verifying the prescription details.",prescription
What is a loading dose versus a maintenance dose?,A loading dose is a larger initial amount that quickly establishes the desired drug level while a maintenance dose is the regular smaller amount that keeps the level steady thereafter.,general_queries
How should I use a nebuliser correctly for respiratory medicines?,"Add the prescribed medicine and saline to the nebuliser cup, attach the mask or mouthpiece, switch on the machine, breathe normally through the mouth, and continue until the medicine is finished.",general_queries
Are anticoagulant medicines like warfarin available cheaply at AIIMS?,Warfarin is available at the AIIMS pharmacy at a very low subsidised price and regular INR monitoring tests needed during warfarin therapy are also available at government rates.,medicine_costs
Can I use OTC laxatives regularly for constipation?,Occasional use of bulk-forming laxatives like ispaghula is safe but regular use of stimulant laxatives such as senna without medical advice is not recommended as dependence can develop.,otc_medicines
Are chemotherapy medicines provided free at AIIMS?,AIIMS provides many cancer medicines under central government schemes and free drug programmes; the oncology social worker can advise on eligibility for free or subsidised chemotherapy.,medicine_costs
Can cholesterol medicines cause memory problems?,Some patients report memory or cognitive issues with statins but large clinical studies have not confirmed a consistent causal relationship; discuss any cognitive concerns with your doctor.,side_effects
Can medicines be affected by altitude changes during travel to high altitude areas of India?,Some medicines like acetazolamide are specifically used for altitude sickness; blood pressure and diabetes medicines may need adjustment at high altitude and the AIIMS pharmacist can advise before travel.,general_queries
What is the cost of growth hormone treatment at AIIMS?,Growth hormone is an expensive biological medicine available at AIIMS at government rates for eligible cases and the endocrinology team can advise on any government patient assistance available.,medicine_costs
Are sports electrolyte drinks the same as oral rehydration salts?,Sports drinks are not equivalent to ORS; they have lower electrolyte concentrations and higher sugar content making ORS sachets the correct choice for treating dehydration from diarrhoea or vomiting.,otc_medicines
What schemes help children with expensive medicines for rare genetic diseases?,The AIIMS Department of Genetics and the Ministry of Health rare disease framework can assist families in accessing charitable grants and government support for rare disease medicines.,medicine_costs
What is the correct way to count tablets to ensure I am taking the right dose?,"Count tablets in good light, use the measuring tray or bottle cap for loose tablets, check the number against the prescription, and ask the pharmacist to simplify the regimen if it is confusing.",general_queries
What is the difference between a syrup and a suspension?,A syrup is a clear solution of medicine dissolved in a sweetened liquid while a suspension contains undissolved medicine particles that must be shaken before use to ensure even dosing.,general_queries
What should I do if I notice a skin rash after starting a new medicine?,"Stop the medicine only if advised by a doctor, photograph the rash, contact the prescribing doctor at AIIMS, and go to casualty if the rash is blistering, spreading rapidly, or accompanied by fever.",side_effects
What is a medicine's volume of distribution and why does it matter clinically?,Volume of distribution describes how widely a medicine spreads through body tissues; a high value means it penetrates tissues well while a low value indicates it stays largely in the blood.,general_queries
What is drug-induced lupus and which medicines cause it?,"Drug-induced lupus is an autoimmune syndrome triggered by medicines like hydralazine, procainamide, and isoniazid; it resolves on stopping the offending drug unlike idiopathic lupus.",side_effects
What is a high-alert medication and why does the pharmacist double-check it?,"High-alert medications such as insulin, anticoagulants, and chemotherapy drugs have a high risk of causing serious harm if dosed incorrectly so pharmacists verify doses and patient identity carefully.",prescription
Which common medicines cause stomach upset or nausea as a side effect?,"NSAIDs like ibuprofen, iron supplements, metformin, some antibiotics, and corticosteroids commonly cause nausea or stomach irritation; taking them with food often reduces this effect.",side_effects
What should I do if I lose a prescription before collecting the medicine?,Contact the outpatient department where it was issued and explain the situation; the prescribing team may reissue a replacement prescription after verifying the clinical record.,prescription
Are appetite suppressant supplements safe to take without medical advice?,"Most appetite suppressant supplements are unregulated for safety and efficacy; consult a doctor before use, especially if you have heart disease, hypertension, or are taking other medications.",otc_medicines
What are the signs that a medicine is affecting my kidneys?,"Reduced urine output, ankle swelling, fatigue, and elevated creatinine on blood tests may indicate drug-induced kidney injury; report these symptoms to the AIIMS treating team promptly.",side_effects
Are topical medicines like creams and ointments also available at subsidised rates at AIIMS?,Topical preparations prescribed at AIIMS are dispensed at government-subsidised rates and generic equivalents are typically significantly cheaper than branded alternatives at private pharmacies.,medicine_costs
What is the correct way to give rectal suppositories?,"Wash hands, remove packaging, insert the suppository narrow end first about two to three centimetres into the rectum, and remain lying down for fifteen to twenty minutes to allow absorption.",general_queries
Can the same prescription be used at both the AIIMS pharmacy and an outside pharmacy?,Only one dispensing can normally be made per prescription slip; if you need to fill it externally obtain a photocopy endorsed by the doctor as pharmacies retain the original.,prescription
How long can I safely keep an opened bottle of liquid medicine?,"Most opened liquid medicines should be discarded after the period stated on the label, typically fourteen to twenty-eight days; opened eye drops usually expire within four weeks of opening.",general_queries
How do I dispose of a used insulin pen or syringe safely in India?,"Place used sharps in a puncture-resistant container, seal when three-quarters full, and hand it to the AIIMS pharmacy or the nearest government hospital for biomedical waste disposal.",general_queries
How long should I wait between two doses of a medicine prescribed four times a day?,For a four-times-daily medicine aim for roughly equal spacing of six hours between doses and try to maintain this schedule consistently for best therapeutic effect.,prescription
Can medicines cause sexual dysfunction as a side effect?,"Beta-blockers, SSRIs, antipsychotics, and some antihypertensives can affect sexual function in both men and women; discuss this with your doctor as alternatives may be available.",side_effects
What is the CDSCO and what is its role in regulating medicines in India?,"The Central Drugs Standard Control Organisation is India's national regulatory body for medicines and devices, responsible for approving new drugs, setting quality standards, and monitoring drug safety.",general_queries
What does enteric coated mean on a tablet label?,Enteric coated tablets have a special coating that prevents them dissolving in the stomach and releases the medicine in the intestine to reduce irritation or improve effectiveness.,prescription
Are fish oil supplements safe to buy OTC?,Omega-3 fish oil supplements at standard doses are generally safe OTC but high doses can interact with anticoagulants and should be discussed with a doctor if you are on blood-thinning medicines.,otc_medicines
Are eye drops for glaucoma available at reduced cost at AIIMS?,Generic glaucoma drops are available at the AIIMS pharmacy at government-subsidised rates and are significantly cheaper than branded versions available at retail pharmacies.,medicine_costs
What is a discharge prescription and how is it different from an outpatient prescription?,"A discharge prescription is issued when a patient leaves hospital and covers the medicines needed at home during recovery, while an outpatient prescription is for ongoing management of a chronic condition.",prescription
What is a pharmaceutical cold chain and why does it matter for certain vaccines and medicines?,The cold chain is the system of refrigerated storage and transport that keeps temperature-sensitive medicines like insulin and vaccines potent from manufacturer to patient.,prescription
Can I buy oral antifungal tablets like fluconazole without a prescription?,Fluconazole is a Schedule H drug in India requiring a prescription; single-dose packs may be sold informally but this is technically illegal and potentially unsafe without diagnosis.,otc_medicines
Can OTC pain relievers mask symptoms of a serious condition?,"Yes, taking pain relievers without a diagnosis can mask serious conditions like appendicitis or meningitis; see a doctor if pain is severe, unexplained, or accompanied by fever or other symptoms.",otc_medicines
What is the cost of anti-fungal treatment for severe systemic infections at AIIMS?,Intravenous antifungals like amphotericin B are expensive but are available at AIIMS at government procurement rates and for eligible inpatients are included in the cost of care.,medicine_costs
How much does a monthly supply of medicines for a stable hypertensive patient cost at AIIMS?,A standard hypertension regimen at AIIMS using generic amlodipine and enalapril can cost as little as ten to thirty rupees per month compared to hundreds of rupees at private pharmacies.,medicine_costs
How do I know if a medicine dispensed at the AIIMS pharmacy is genuine?,AIIMS procures medicines through central government procurement channels which require quality certification and you can ask the pharmacist for the batch number and manufacturer details.,prescription
Is it safe to use OTC hydrocortisone cream on inflamed skin?,"Low-potency hydrocortisone cream is available OTC for mild inflammatory skin conditions but should not be used on the face, broken skin, or in children without medical advice.",otc_medicines
Can I buy iron supplements without a prescription?,Low-dose iron supplements are available OTC but higher therapeutic doses for anaemia should be prescribed after a blood test to confirm deficiency and to choose the appropriate preparation.,otc_medicines
Can I use a medicine after its best before date if it looks and smells normal?,Best before and expiry dates indicate the last date at which full potency and safety are guaranteed; do not use medicines after expiry even if they appear unchanged as degradation may not be visible.,general_queries
What is the significance of a medicine's protein binding percentage?,High protein binding means most of the drug is attached to blood proteins and only the free fraction is active; this affects drug interactions when two highly protein-bound drugs compete for binding sites.,general_queries
How does age affect how the body handles medicines?,The elderly have reduced kidney and liver function which slows medicine clearance and increases the risk of toxicity; dose adjustments are often needed and polypharmacy reviews are essential.,general_queries
What is a pharmaceutical adjuvant and how does it affect a medicine?,"A pharmaceutical adjuvant is an ingredient added to a formulation to enhance drug delivery, stability, or palatability; examples include preservatives in eye drops and suspension agents in liquids.",general_queries
Can I use OTC anti-lice shampoos safely on young children?,Permethrin-based anti-lice shampoos are available OTC and are generally safe for children over two months of age; follow age-specific instructions and avoid contact with eyes.,otc_medicines
How are expiry dates shown on medicines and what should I do with expired stock?,Expiry dates are printed as month and year on the packaging and expired medicines must not be used; return them to a pharmacy for safe disposal rather than throwing them in household waste.,prescription
What is a fixed drug eruption and how is it recognised?,"A fixed drug eruption is a skin reaction that recurs at the exact same site each time the offending medicine is taken; common causes include sulphonamides, NSAIDs, and tetracyclines.",side_effects
Can a pharmacist refuse to dispense a legally valid prescription?,"A pharmacist may refuse to dispense if there is a clinical concern such as a dangerous dose or interaction, and in such cases the pharmacist must explain the reason and refer back to the prescriber.",prescription
What should I check on an OTC medicine label before buying it?,"Check the active ingredients, approved uses, contraindications, recommended dose, age restrictions, expiry date, batch number, and the manufacturer's contact details before purchasing.",otc_medicines
Can I ask AIIMS to review all my medicines together if I take many different ones?,"Yes, a medicines reconciliation review can be requested and the clinical pharmacy team at AIIMS can assess for redundancies, interactions, and simplification opportunities.",prescription
Can I use two different eye drops at the same time?,Multiple eye drops can be used but should be instilled at least five minutes apart to prevent the second drop washing out the first; ask the pharmacist about the correct order and timing.,general_queries
Can vitamins or minerals interfere with my prescribed medicines?,"Yes, calcium reduces absorption of fluoroquinolones and thyroid medicines, iron interferes with certain antibiotics, and magnesium can affect some cardiac medicines; always space them by two hours.",general_queries
Can thyroid medicines like levothyroxine cause side effects?,"At the correct dose levothyroxine is well tolerated; overdose causes palpitations, tremor, weight loss, insomnia, and sweating while underdosing leads to fatigue and weight gain.",side_effects
What OTC medicine can help with hay fever symptoms?,Non-sedating antihistamines like cetirizine or loratadine taken once daily are effective for hay fever symptoms and are available OTC; nasal steroid sprays require a prescription for stronger relief.,otc_medicines
What does the instruction take on an empty stomach mean?,Take the medicine at least thirty to sixty minutes before eating or two hours after a meal; some drugs like levothyroxine and some antibiotics absorb significantly better without food.,prescription
Why is levothyroxine considered one of the most cost-effective essential medicines at AIIMS?,"Levothyroxine is inexpensive to manufacture, has a long shelf life, and is available as a generic through central procurement making it among the lowest-cost essential medicines on the AIIMS formulary.",medicine_costs
What is the role of excipients in a tablet?,"Excipients are inactive ingredients like fillers, binders, and coatings that give the tablet its physical form; some excipients like lactose or colouring agents may cause reactions in sensitive individuals.",general_queries
Can the AIIMS pharmacist substitute my branded prescription with a generic equivalent?,Pharmacists at government hospitals including AIIMS are encouraged to dispense generics but substitution requires the prescriber's approval unless the prescription already specifies the generic name.,prescription
What does it mean when a medicine is prescribed off-label?,"Off-label prescribing means the doctor is using an approved drug for a condition or age group not listed on the official product licence, based on clinical evidence and professional judgement.",prescription
What is the correct paracetamol dose for a child based on weight?,The standard paracetamol dose for children is fifteen milligrams per kilogram of body weight every four to six hours and should not exceed five doses in twenty-four hours.,otc_medicines
What is a repeat prescription and how does it work for regular patients at AIIMS?,"A repeat prescription allows a stable patient to collect ongoing medicines without seeing the doctor each time, though periodic review appointments are still required for monitoring.",prescription
What are the side effects of tramadol?,"Tramadol commonly causes nausea, dizziness, constipation, drowsiness, and dry mouth; it carries a risk of dependence and should not be combined with alcohol or other sedating medicines.",side_effects
How do I prepare for a consultation where I need to discuss multiple medicines?,"Bring all your medicines in their original packaging, note any side effects or concerns you have experienced, list any allergies, and write down any new symptoms that started after beginning a medicine.",general_queries
Can I get free medicines if I am admitted to the AIIMS ward?,Inpatient medicines for admitted patients at AIIMS are generally provided as part of care at no or nominal cost; the ward pharmacist will advise on any charges for specific items.,medicine_costs
Can patients access free medicines under the Chief Minister's Relief Fund in Delhi?,Delhi residents facing high medical costs can apply to the Chief Minister's Relief Fund for assistance with expensive medicines; the AIIMS social work department can guide the application process.,medicine_costs
Can a patient from a low-income state access free medicines at AIIMS by showing their ration card?,BPL ration cards are accepted as proof of eligibility for free medicines at AIIMS; the social work team can assist outstation patients in accessing the free drug programme.,medicine_costs
What government scheme provides free HIV medicines in India?,The National AIDS Control Organisation programme provides free antiretroviral therapy to all eligible HIV-positive patients through ART centres including the one at AIIMS New Delhi.,medicine_costs
Can I drink alcohol while taking medicines?,"Alcohol interacts with many medicines including metronidazole, sedatives, antidepressants, and paracetamol in excess; always ask the pharmacist if alcohol is safe with your specific prescription.",general_queries
Can antipsychotic medicines cause weight gain and metabolic changes?,"Atypical antipsychotics like olanzapine and clozapine frequently cause significant weight gain, elevated blood sugar, and dyslipidaemia requiring regular metabolic monitoring.",side_effects
Which antibiotics commonly cause diarrhoea as a side effect?,"Broad-spectrum antibiotics like amoxicillin-clavulanate, clindamycin, and fluoroquinolones frequently cause diarrhoea; probiotics taken alongside may reduce this effect.",side_effects
How are medicines for rare tropical diseases managed at AIIMS?,AIIMS infectious disease team manages rare tropical disease medicines through the national disease control programme supplies and WHO essential medicines channels with guidance from the drug information centre.,general_queries
What is the difference between a medicine's onset of action and its duration of action?,Onset of action is how quickly a medicine starts working after administration while duration of action is how long its effect lasts; both influence dosing frequency.,general_queries
What is the AIIMS drug information centre and what services does it provide?,"The AIIMS drug information centre provides evidence-based medicine information to clinicians and can advise patients on drug interactions, dosing, and compatibility queries at the clinical pharmacy.",general_queries
Can medicines cause insomnia as a side effect?,"Corticosteroids, beta-agonists, decongestants, some antidepressants, and high-dose theophylline can cause insomnia; taking these medicines earlier in the day when possible may reduce this effect.",side_effects
What is the difference in cost between injectable and oral versions of the same medicine?,Injectable formulations are generally more expensive due to sterility requirements and are used when clinically necessary; oral equivalents are dispensed at AIIMS whenever clinically appropriate to reduce costs.,medicine_costs
What is the maximum dose of ibuprofen available OTC per day?,The maximum OTC dose of ibuprofen for adults is 1200mg per day in divided doses; higher doses up to 2400mg are available on prescription only and require medical supervision.,otc_medicines
How much does insulin cost at the AIIMS pharmacy?,Insulin is available at AIIMS at government-subsidised rates and for eligible patients may be provided free; the exact cost varies by type and is significantly lower than private market prices.,medicine_costs
What side effects should I watch for when my child takes antibiotics?,"Watch for diarrhoea, rash, vomiting, and signs of allergic reaction; seek immediate medical care if the child develops hives, wheezing, or swelling after starting the antibiotic.",side_effects
What does dispense as directed mean on a prescription?,"Dispense as directed means the pharmacist follows specific instructions from the prescriber for that particular patient rather than standard dosing, often for unusual preparations or doses.",prescription
What is a pharmacist's role when I buy an OTC medicine?,"The pharmacist checks that the OTC medicine is appropriate for your symptoms, screens for interactions with any prescription drugs you take, advises on dosing, and recommends a doctor visit if needed.",otc_medicines
What is the correct way to use a nasal decongestant spray?,"Blow the nose before use, tilt the head slightly forward, insert the nozzle, and spray while breathing in; do not use for more than three consecutive days as rebound congestion can occur.",otc_medicines
Are antacids safe to take regularly without a prescription?,Occasional antacid use is safe but regular use without investigation may mask a serious underlying condition; consult a doctor at AIIMS if symptoms occur more than twice a week.,otc_medicines
Can I take my prescribed heart medicine if my blood pressure reading is lower than normal on that day?,Do not skip heart medicines based on a single low reading; contact your AIIMS cardiologist or the outpatient department for guidance as stopping abruptly can be dangerous.,general_queries
Are fertility medicines covered under any government scheme at AIIMS?,Fertility medicines are generally not covered under free drug schemes and are available at subsidised government rates at the AIIMS pharmacy for patients attending the fertility clinic.,medicine_costs
What does it mean when a prescription says use until finished?,Use until finished means the entire course must be completed even if symptoms resolve; this instruction is most commonly given for antibiotics to ensure full eradication of infection.,prescription
Is activated charcoal available OTC and when should it be used?,Activated charcoal tablets are available OTC for bloating but should never be self-administered for poisoning without medical advice; call the AIIMS Poison Centre at 011-26589391 first.,otc_medicines
Can I take my medicines if they have been exposed to very high temperatures during summer in India?,"Heat-exposed medicines especially semisolids, liquids, and biologics may degrade; if a medicine looks changed or has been in extreme heat for extended periods, discard and obtain a fresh supply.",general_queries
What does a prescription abbreviation like BD or TDS mean?,"BD means twice daily, TDS means three times a day, OD means once daily, and QID means four times a day; the pharmacist can explain any abbreviation you do not understand.",prescription
What is a medicine's route of administration and how many routes exist?,"Route of administration is how a medicine enters the body; common routes include oral, intravenous, intramuscular, subcutaneous, topical, inhaled, sublingual, and rectal.",general_queries
Can medicines cause changes in taste or smell as a side effect?,"Metronidazole, clarithromycin, ACE inhibitors, and zinc supplements can alter taste perception; the effect usually reverses after stopping the medicine.",side_effects
Can antiepileptic medicines affect concentration and memory?,"Several antiepileptics including carbamazepine, phenobarbital, and to a lesser extent valproate can affect cognitive function, memory, and attention particularly at higher doses.",side_effects
What does it mean when a medicine label says for external use only?,External use only means the medicine must only be applied to the surface of the skin or affected area and must never be swallowed; ingestion can cause serious harm.,general_queries
Should I take all my medicines at the same time if multiple are prescribed?,"Check with the pharmacist as some medicines interact when taken together, and others may need spacing; the pharmacist can create a simple dosing schedule to avoid confusion.",prescription
How do I use an inhaler correctly to get the full dose?,"Shake the inhaler, exhale fully, place mouthpiece in lips, press and simultaneously breathe in slowly and deeply, hold breath for ten seconds, and repeat only as prescribed.",general_queries
What OTC medicine helps with mild urinary tract infection symptoms while waiting for a doctor?,Phenazopyridine sachets or urinary alkalinising agents may relieve burning symptoms temporarily but are not curative; a doctor must be seen promptly as UTIs require antibiotic treatment.,otc_medicines
What is the difference between a drug and a medicine?,The terms are often used interchangeably but in clinical use medicine refers to a substance used to treat or prevent disease while drug can also refer to substances of abuse; both require regulatory control.,general_queries
What is the maximum duration of use recommended for OTC nasal decongestant sprays?,Nasal decongestant sprays should not be used for more than three consecutive days to avoid rebound nasal congestion known as rhinitis medicamentosa.,otc_medicines
Can the AIIMS pharmacist advise me on how to take my prescribed medicines correctly?,"Yes, the pharmacist is trained to counsel patients on dose, timing, administration technique, food interactions, and what to do if a dose is missed.",prescription
Are antiretroviral medicines for HIV available free of cost at AIIMS?,All first and second-line antiretroviral medicines are provided free to registered patients at the AIIMS ART centre under the National AIDS Control Programme.,medicine_costs
What is DRESS syndrome in relation to drug side effects?,"Drug reaction with eosinophilia and systemic symptoms is a severe drug hypersensitivity reaction with fever, rash, and organ involvement; it requires immediate hospitalisation and is most often triggered by anticonvulsants and allopurinol.",side_effects
Can I switch between the original and generic version of my medicine safely?,Switching to a generic with the same active ingredient and dose is generally safe and approved by regulatory authorities; however for narrow therapeutic index drugs discuss any switch with your doctor.,general_queries
Are herbal medicines regulated as OTC products in India?,Herbal medicines are regulated under AYUSH regulations and must display licence numbers; they can interact with prescription drugs so always inform your doctor about any herbal supplements you take.,otc_medicines
What is a medicine price negotiation and can patients do this?,Individual patients cannot negotiate drug prices but government bulk procurement through central purchasing agencies results in significantly lower prices at AIIMS than retail pharmacies.,medicine_costs
What is serotonin syndrome and which medicines can cause it?,"Serotonin syndrome is a potentially life-threatening condition caused by excess serotonin, most often from combining SSRIs with tramadol, triptans, or MAOIs; symptoms include agitation, tremor, and fever.",side_effects
Can I get a second opinion on a prescribed medicine if I am uncertain about it?,"Yes, you may discuss concerns about your prescription with the treating doctor, the AIIMS clinical pharmacist, or seek a second medical opinion through the relevant outpatient department.",prescription
What side effects should I monitor when taking allopurinol for gout?,Allopurinol can rarely cause Stevens-Johnson syndrome especially in people with the HLA-B5801 gene variant common in South and East Asian populations; start at a low dose and report any rash immediately.,side_effects
What medicines can I buy without a prescription at a pharmacy in India?,"Over-the-counter medicines available without prescription include paracetamol, antacids, antihistamines, oral rehydration salts, antiseptic creams, cough syrups, and vitamin supplements.",otc_medicines
How does body weight affect medicine dosing?,"Body weight influences dosing for many medicines particularly in children, in obesity, and for drugs like chemotherapy and antibiotics where under or overdosing based on weight can cause treatment failure or toxicity.",general_queries
